Track URI,Track Name,Album Name,Artist Name(s),Release Date,Duration (ms),Popularity,Explicit,Added By,Added At,Genres,Record Label,Danceability,Energy,Key,Loudness,Mode,Speechiness,Acousticness,Instrumentalness,Liveness,Valence,Tempo,Time Signature
spotify:track:0fCdmyP2Qrtc4IEfPmB90v,WATAN,KOLO BKHIR YA MAMA,Begad,2026-05-08,148702,33,false,,2026-08-25T04:02:32Z,"egyptian hip hop,arabic hip hop,egyptian pop",Drop [Mgmt],0.476,0.428,2,-10.754,0,0.326,0.42,0,0.132,0.396,64.728,5
spotify:track:5c3hT0pyCPmAoELs7hBQFv,SLV,SLV,Shabjdeed;SMOKAHOLIC,2026-08-01,116000,67,false,,2026-08-04T19:43:33Z,"arabic hip hop,egyptian hip hop,egyptian pop",BLTNM,0.754,0.683,2,-10.037,0,0.08,0.413,0.0000459,0.0884,0.428,119.95,4
spotify:track:4KVkhVYJ3s7QK2dfp6NPhP,FADA2Y,FOR REAL,Afroto,2025-10-01,166989,47,false,,2026-08-02T14:40:46Z,"egyptian hip hop,arabic hip hop,mahraganat,egyptian pop",The Basement Records,0.588,0.576,4,-7.249,1,0.246,0.58,0,0.0888,0.432,125.4,4
spotify:track:4b4I8VdPPxeZcZcPyCPUvQ,HASES BEEK,KOLO BKHIR YA MAMA,Begad,2026-05-08,92800,37,false,,2026-08-02T01:08:03Z,"egyptian hip hop,arabic hip hop,egyptian pop",Drop [Mgmt],0.688,0.455,0,-13.207,0,0.227,0.0709,0,0.116,0.172,92.117,4
spotify:track:5PTiZNhdidMaRZOjSI2xks,That's Amore - Remastered 1996,The Very Best Of Dean Martin,Dean Martin,1995-01-01,187506,49,false,,2026-07-28T05:16:46Z,"christmas,adult standards,big band,swing music",Capitol Records,0.353,0.218,10,-9.399,1,0.0342,0.78,0,0.113,0.558,157.095,3
spotify:track:3sK8wGT43QFpWrvNQsrQya,DtMF,DeBÍ TiRAR MáS FOToS,Bad Bunny,2025-01-05,237117,96,true,,2026-07-22T13:08:02Z,"reggaeton,trap latino,latin,urbano latino",Rimas Entertainment LLC.,0.625,0.131,7,-27.405,0,0.0717,0.177,0.218,0.0807,0.032,136.02,4
spotify:track:6Dc2tCivms1s2X9myWe4ni,Tuyo (Narcos Theme) - A Netflix Original Series Soundtrack,Tuyo (Narcos Theme) [A Netflix Original Series Soundtrack],Rodrigo Amarante,2015-09-18,89293,68,false,,2026-07-12T00:26:56Z,new mpb,Gaumont Télévision,0.72,0.422,1,-13.338,0,0.069,0.474,0.0847,0.155,0.546,112.219,4
spotify:track:6g2BiiVQqY5v1S4HIrM54F,Tuyo (Narcos Theme) [Extended Version] - A Netflix Original Series Soundtrack,Tuyo (Narcos Theme) [Extended Version] [A Netflix Original Series Soundtrack],Rodrigo Amarante,2018-11-16,151565,74,false,,2026-06-14T05:12:07Z,new mpb,Gaumont Télévision,0.765,0.497,1,-7.806,0,0.0402,0.492,0.366,0.143,0.457,112.195,4
spotify:track:2S7RApTsKT0CtYojYq2cKz,L'italiano,L'Italiano,Toto Cutugno,1983-02-01,236546,76,false,,2026-06-14T04:56:55Z,,Carosello Records,0.617,0.519,10,-11.411,0,0.0404,0.292,0,0.411,0.692,121.35,4
spotify:track:1YwPNemawMgGe6sF4U0FTE,Suavemente,Suavemente...Los Exitos,Elvis Crespo,2008-10-14,266306,69,false,,2026-06-14T04:55:27Z,"merengue,latin dance,salsa,latin",Sony Music Latin,0.809,0.883,8,-2.965,1,0.0689,0.238,0.00234,0.0625,0.918,124.096,4
spotify:track:2OFXqFqZciTrzpG4NMwH1S,Ya Helwa Blil,Ya Helwa Blil,DizzyTooSkinny,2026-05-25,176376,57,false,,2026-06-04T18:34:48Z,"egyptian hip hop,arabic hip hop,egyptian pop",DizzyTooSkinny,0.713,0.632,11,-6.665,1,0.117,0.175,0.00000396,0.1,0.435,99.779,4
spotify:track:6JaRKQyDtZsFSfw8czrOg5,WELAD EL 7ARA,WELAD EL 7ARA,Begad,2024-02-28,197482,31,false,,2026-06-04T17:40:56Z,"egyptian hip hop,arabic hip hop,egyptian pop",Drop [Mgmt],0.515,0.597,0,-11.489,1,0.323,0.43,0,0.0921,0.351,124.972,4
spotify:track:44AfD1aCUAWQRgEeSQ6Vdj,EL GEN,EL GEN,Wingii,2026-05-17,149303,44,false,,2026-06-04T17:35:57Z,"egyptian hip hop,arabic hip hop,mahraganat,egyptian pop",M — TOWN RECORDS,0.463,0.718,6,-7.701,0,0.264,0.199,0,0.18,0.891,86.003,5
spotify:track:6xLKgglF2J1NC5P1abMjFh,100 7ad,Monologue,Omar Taa'i;Begad,2026-05-02,161454,41,false,,2026-06-04T17:18:34Z,"egyptian hip hop,arabic hip hop,egyptian pop",Omar Taa'i,0.338,0.489,9,-9.524,0,0.0958,0.301,0.000114,0.103,0.259,89.432,3
spotify:track:6Ei2nL7KdzySKg6LbdY5Up,انا مش ديلار يا حكومه,انا مش ديلار يا حكومه,Eslam Kabonga,2024-12-26,277159,61,true,,2026-06-01T12:02:44Z,"mahraganat,dub,egyptian pop",Islam Kabonga,0.889,0.903,7,-0.461,1,0.0529,0.38,0.0000228,0.0711,0.771,109.978,4
spotify:track:6YzaAgH8B2gttKSRiDzlta,Rayheen Nesshar - Bum Bum,Rayheen Nesshar - Bum Bum,Mohamed Ramadan,2019-01-01,169500,55,false,,2026-06-01T11:59:04Z,"mahraganat,egyptian pop,egyptian shaabi,moroccan pop,arabic hip hop",RotanaAudioVisualL.L.C,0.72,0.997,2,-2.403,1,0.0625,0.00858,0.122,0.189,0.929,160.024,4
spotify:track:0vhJkJHYeztllhU6z2eFUE,Ya Habibi,Ya Habibi,Mohamed Ramadan;GIMS,2020-09-06,187090,61,false,,2026-06-01T11:54:47Z,"mahraganat,egyptian pop,egyptian shaabi,moroccan pop,arabic hip hop,french rap,french r&b,french pop,pop urbaine",MR1,0.888,0.869,0,-5.508,0,0.0805,0.443,0,0.0853,0.883,110.08,4
spotify:track:3RTaNSV0rTZl2kOn8Af4lA,Café Con Ron - Tech-House,Café Con Ron - Tech-House,Marcus Elmett,2025-02-06,188333,53,false,,2026-05-29T19:48:46Z,"latin house,techengue",DistroKid,0.8,0.944,1,-3.561,1,0.0417,0.0257,0.887,0.274,0.225,126.021,4
spotify:track:59D4DOkspUbWyMmbAPQkxZ,VOY A LLeVARTE PA PR,DeBÍ TiRAR MáS FOToS,Bad Bunny,2025-01-05,156364,89,true,,2026-05-29T19:47:28Z,"reggaeton,trap latino,latin,urbano latino",Rimas Entertainment LLC.,0.148,0.604,7,-35.032,1,0.0588,0.921,0.453,0.405,0.00001,106.295,3
spotify:track:5r6X3m7zrVHmU2lSp3DXmP,Mi Gente,Mi Gente,J Balvin;Willy William,2017-07-03,187266,65,false,,2026-05-29T19:45:30Z,"reggaeton,latin",Columbia/B1 Recordings,0.554,0.688,11,-4.863,0,0.0838,0.0184,0.0000131,0.12,0.283,104.78,4
spotify:track:1m69ELEgE6k5ZWsap40ozt,Se Preparó,Odisea,Ozuna,2017-08-25,188080,86,false,,2026-05-29T19:44:07Z,"reggaeton,trap latino,latin,urbano latino",VP Records Corp/Dimelo Vi,0.739,0.821,1,-4.233,1,0.0852,0.222,0.0000096,0.311,0.693,171.077,4
spotify:track:35KmOEIUqAGn02t7n4qaIr,Morado,Colores,J Balvin,2020-03-19,200266,72,false,,2026-05-29T19:43:19Z,"reggaeton,latin",UMLE - Latino,0.885,0.68,11,-3.837,0,0.0849,0.131,0.0000179,0.0876,0.78,97.005,4
spotify:track:2a1o6ZejUi8U3wzzOtCOYw,Danza Kuduro,Meet The Orphans,Don Omar;Lucenzo,2010-01-01,198773,87,false,,2026-05-29T19:42:09Z,"reggaeton,urbano latino,kuduro",UMLE - Machete,0.4,0.915,0,-4.89,1,0.279,0.083,0,0.0503,0.871,89.006,3
spotify:track:6J5kc12BW5HuP3d7C3vvx8,EoO,DeBÍ TiRAR MáS FOToS,Bad Bunny,2025-01-05,204768,94,true,,2026-05-29T19:39:37Z,"reggaeton,trap latino,latin,urbano latino",Rimas Entertainment LLC.,0.36,0.464,10,-29.598,0,0.0702,0.749,0.859,0.0825,0.184,63.662,4
spotify:track:5TFD2bmFKGhoCRbX61nXY5,NUEVAYoL,DeBÍ TiRAR MáS FOToS,Bad Bunny,2025-01-05,183685,95,false,,2026-05-29T19:38:25Z,"reggaeton,trap latino,latin,urbano latino",Rimas Entertainment LLC.,0.142,0.195,6,-20.024,1,0.139,0.265,0.995,0.204,0.12,137.922,4
spotify:track:5Uptvz6j1sjDKxidAcnH2L,SI NO ES CONTIGO,SI NO ES CONTIGO,Cris MJ,2024-05-23,156000,80,true,,2026-05-29T13:42:41Z,"reggaeton chileno,chilean trap,chilean mambo,reggaeton",Sonar LLC.,0.763,0.626,5,-5.637,0,0.0433,0.0859,0.225,0.205,0.78,100.02,4
spotify:track:0GJwUAlBMJTbY4VE7iE761,UNA NOCHE EN MEDELLÍN - REMIX,MAÑANA SERÁ BONITO (BICHOTA SEASON),KAROL G;Cris MJ;Ryan Castro,2023-08-10,205144,80,true,,2026-05-29T13:41:12Z,"reggaeton,latin,urbano latino,reggaeton chileno,chilean trap,chilean mambo",Bichota/Interscope Records,0.846,0.755,10,-2.47,0,0.0738,0.0361,0,0.0448,0.883,96.002,4
spotify:track:2esZG2XFtuoWWA9AfDvSxy,Gata Only,EL COMIENZO,FloyyMenor;Cris MJ,2024-08-09,222000,82,true,,2026-05-29T13:39:13Z,"reggaeton chileno,chilean trap,chilean mambo,reggaeton",FloyyMenor under exclusive license to UnitedMasters LLC,0.794,0.5,8,-8.454,0,0.049,0.438,0.00003,0.0905,0.659,99.985,4
spotify:track:5UwXEOjqcWDQrWwwnJN37x,PELEAMOS,PELEAMOS,elaggume;Fauna Music;VAINY,2024-06-27,161590,71,true,,2026-05-29T13:33:17Z,"rkt,turreo,guaracha",Fauna Music,0.682,0.732,8,-5.353,1,0.0498,0.458,0,0.183,0.643,88.018,4
spotify:track:5lCk0ZeN8h76QxNqHEGMZJ,Vamo a Bailotear,Apocalipsis,Cris MJ,2025-06-27,160394,76,true,,2026-05-29T13:33:00Z,"reggaeton chileno,chilean trap,chilean mambo,reggaeton",SONAR LLC.,0.834,0.332,6,-10.982,0,0.0796,0.265,0.000173,0.095,0.887,98.016,4
spotify:track:42wdz3j7gstgUuhoFLCXqd,PELIGROSA,EL COMIENZO,FloyyMenor,2024-08-09,134930,80,true,,2026-05-29T13:32:16Z,reggaeton chileno,FloyyMenor under exclusive license to UnitedMasters LLC,0.763,0.519,6,-7.426,0,0.0636,0.22,0.00000642,0.0816,0.804,100.025,4
spotify:track:4AvQGX7JNmA0VkwT1JmL8D,Mil Horas,Completo,Los Abuelos De La Nada,1997-01-01,165413,66,false,,2026-05-28T23:45:19Z,"argentine rock,rock en español,latin rock",Universal Music S.A.,0.72,0.391,7,-11.357,0,0.0715,0.316,0,0.0768,0.572,99.727,4
spotify:track:1iCSmbcy7lR4wkZSAsLoud,Se Grita,Reinsertado,Morad;Jul,2023-05-12,258510,74,true,,2026-05-28T19:41:23Z,"french rap,pop urbaine",Morad,0.822,0.785,6,-6.7,0,0.124,0.346,0.000147,0.143,0.409,94.003,4
spotify:track:1PZrHbJjt5t7dP9OGRxcD0,Dale Don Dale,The Last Don,Don Omar,2003-01-01,212413,81,false,,2026-05-28T19:38:41Z,"reggaeton,urbano latino",UMLE - Machete,0.831,0.818,2,-7.827,1,0.0824,0.0245,0.000319,0.0892,0.819,95.022,4
spotify:track:0lREs0EdgrMQQKw00yx0Ct,Una Noche en Medellín,Una Noche en Medellín,Cris MJ,2022-01-21,153750,83,true,,2026-05-28T19:38:04Z,"reggaeton chileno,chilean trap,chilean mambo,reggaeton",Sonar LLC.,0.87,0.548,10,-5.253,0,0.077,0.0924,0.000046,0.0534,0.832,96.018,4
spotify:track:0lru3rDH9ysYZLl2opHrv0,100 Barras,100 Barras,Zara G,2024-02-04,276302,52,true,,2026-05-28T19:35:09Z,portuguese hip hop,Zara G,0.902,0.645,1,-6.499,0,0.12,0.173,0,0.111,0.502,118.958,4
spotify:track:5u5MvmVtitax9R1Mxh3reC,Dile Que Tu Me Quieres,Odisea,Ozuna,2017-08-25,226520,85,false,,2026-05-28T19:28:11Z,"reggaeton,trap latino,latin,urbano latino",VP Records Corp/Dimelo Vi,0.773,0.757,1,-4.959,1,0.0526,0.0864,0.00000373,0.0727,0.858,88.006,4
spotify:track:0cEmldPKfk8Wu9teHNw5op,MODMENA,MODMENA,ZEYAMAL;ghassan;LOKOTHEDAD,2026-03-20,153157,22,false,,2026-05-24T21:20:18Z,"egyptian hip hop,arabic hip hop",The Sound of Eastern Cairo,0.793,0.708,11,-3.559,1,0.0786,0.00298,0,0.129,0.27,152.025,4
spotify:track:6eF5HrIkIdI3iE3OPtVmFv,Hekayet L’zman,El Mata7en,Karim Enzo;Afroto;Marwan Moussa,2023-05-05,184060,22,false,,2026-05-24T15:38:37Z,"egyptian hip hop,arabic hip hop,egyptian pop,mahraganat",The Basement Records,0.746,0.599,2,-9.58,0,0.187,0.202,0,0.301,0.589,94.015,4
spotify:track:5e9bxISXsjr57a12V5eIyA,Tamam,Tamam,Abyusif,2019-04-07,277014,29,false,,2026-05-18T05:40:38Z,"egyptian hip hop,arabic hip hop,egyptian pop,mahraganat",Abyusif,0.813,0.67,4,-7.997,1,0.469,0.318,0.0000684,0.172,0.72,156.022,4
spotify:track:7utyrTi2FJIxt8VLdAm65x,كاتمين علي انفاس كل الكارفين (اتنين بس الصلاه ع النبي اسدين),كاتمين علي انفاس كل الكارفين (اتنين بس الصلاه ع النبي اسدين),Karim Cristiano And Mustafa El Gen And Hady Elsoghier,2025-02-20,270602,25,false,,2026-05-18T05:38:18Z,mahraganat,Karim Cristiano,0.869,0.96,3,0.152,1,0.101,0.439,0,0.166,0.925,110.015,4
spotify:track:3x2iSBBuxGMqculrZDdAa9,El Mabda2 (Red Bull Symphonic),Red Bull Symphonic,Marwan Pablo,2025-01-23,193837,37,false,,2026-05-10T07:53:04Z,"egyptian hip hop,arabic hip hop,egyptian pop,mahraganat",Quality Clique,0.509,0.863,9,-5.848,0,0.101,0.656,0.039,0.97,0.281,111.996,4
spotify:track:4OnVsliby36itNgwWWQwS8,Barbary - Remix,Barbary (Remix),HADY MOAMER;Marwan Pablo,2025-08-05,180265,22,false,,2026-05-08T17:45:15Z,"egyptian hip hop,arabic hip hop,egyptian pop,mahraganat",Hady Moamer,0.66,0.537,4,-8.555,0,0.028,0.108,0.487,0.141,0.304,113.016,4
spotify:track:4hilPZuJldFY5ACcNRAzQv,FLEXIN,٥ نظام,Marwan Pablo,2026-04-08,93140,60,false,,2026-05-08T17:41:34Z,"egyptian hip hop,arabic hip hop,egyptian pop,mahraganat",Quality Clique,0.791,0.681,0,-6.809,0,0.064,0.0149,0,0.178,0.483,122.988,4
spotify:track:2dcVNpigbMC6DAo5weXQ5P,Barbary,Barbary,Marwan Pablo,2022-03-01,156548,56,false,,2026-05-07T16:03:21Z,"egyptian hip hop,arabic hip hop,egyptian pop,mahraganat",Quality Clique,0.776,0.614,1,-10.26,0,0.115,0.089,0.00216,0.0968,0.454,112.011,4
spotify:track:6JyihARD2zGUa4uB4NfQiv,"Swan Lake (Suite), Op. 20a, TH.219: I. Scene - Swan Theme",Tchaikovsky: Swan Lake Suites,Pyotr Ilyich Tchaikovsky;Czech Symphony Orchestra;Michaela Rózsa Růžičková,2024-03-02,180379,65,false,,2026-04-29T02:17:04Z,"ballet,classical,concerto,orchestral",Etymology Classics,0.0904,0.241,4,-13.845,0,0.035,0.883,0.884,0.111,0.0548,72.111,3
spotify:track:4DxiMzWzKws2hbl4djWqrV,"Prelude in E Minor, Op. 28, No.4",Prelude and Sinfonia,Tegelhof Kammerorchester,2017-12-13,187381,24,false,,2026-04-29T02:16:46Z,,Tegelhof KG,0.183,0.212,2,-16.596,0,0.0345,0.946,0.961,0.117,0.0389,107.201,4
spotify:track:4v1tiU3b6qASEpPHtL2q3Z,لبسي برندات ( مفيش غيرك انتي يا مامت حيما ),لبسي برندات ( مفيش غيرك انتي يا مامت حيما ),Essam Sasa,2025-12-27,199915,56,false,,2026-04-28T14:55:28Z,"mahraganat,egyptian pop,dub,egyptian shaabi,egyptian hip hop",Essam Sasa - عصام صاصا,0.797,0.839,11,-1.234,0,0.0732,0.426,0,0.339,0.72,110.001,4
spotify:track:3FdV0iO6fskyPeYnrMsKPM,وسط دموع وجراح,وسط دموع وجراح,Essam Sasa,2021-06-01,264196,63,false,,2026-04-28T14:53:59Z,"mahraganat,egyptian pop,dub,egyptian shaabi,egyptian hip hop",Essam Saasa,0.805,0.78,11,-3.463,0,0.0764,0.498,0,0.526,0.813,109.984,4
spotify:track:661ndLkk7B8QFmCeRpeWqc,انا ابن ابويا وامى,انا ابن ابويا وامى,Hamo ElTikha;Essam Sasa,2021-05-14,325198,53,false,,2026-04-28T14:53:29Z,"mahraganat,egyptian pop,egyptian shaabi,dub,egyptian hip hop",Takwene,0.784,0.863,0,-2.006,0,0.057,0.369,0,0.112,0.807,110.019,4
spotify:track:17H3IfzbBDHZQsR49cCqkA,هلا انا جيت تريح يلا,هلا انا جيت تريح يلا,Hamo ElTikha;مودي امين,2021-05-30,385880,57,false,,2026-04-28T14:51:56Z,"mahraganat,egyptian pop,egyptian shaabi,dub",Takwene,0.833,0.945,11,-0.445,1,0.183,0.164,0,0.347,0.535,106.913,4
spotify:track:0TxEBrs9Py9uOxwOSYBROV,مسجون حزين,مسجون حزين,Hamo ElTikha,2021-08-02,264103,56,false,,2026-04-28T14:50:11Z,"mahraganat,egyptian pop,egyptian shaabi,dub",دبور برودكشن - Dabor Production,0.828,0.826,10,-4.816,0,0.31,0.474,0,0.331,0.757,104.95,4
spotify:track:4GaVb4spqse4hOwiHpWXVC,Caruso,Classic,Lucio Dalla;HAUSER;London Symphony Orchestra;Robert Ziegler,2020-02-07,330933,50,false,,2026-04-27T23:07:20Z,"italian singer-songwriter,singer-songwriter,classical crossover,classical,orchestral,ballet,opera",Sony Classical,0.196,0.388,7,-8.071,0,0.041,0.91,0.933,0.102,0.0784,75.586,3
spotify:track:1nlHa661UVhIjfRAGymizV,حكمدار,٥ نظام,Marwan Pablo,2026-04-08,132413,58,false,,2026-04-20T20:11:54Z,"egyptian hip hop,arabic hip hop,egyptian pop,mahraganat",Quality Clique,0.787,0.681,1,-6.945,0,0.281,0.265,0,0.149,0.31,115.994,4
spotify:track:6qrv6crJx3yS51LB4BfTCo,HANRO7 ELMOLED,ZAZA ELWASEEM,ZIAD ZAZA,2023-07-31,136166,23,false,,2026-04-20T20:08:16Z,"egyptian hip hop,arabic hip hop,egyptian pop,mahraganat",Global,0.697,0.66,2,-5.678,1,0.101,0.129,0,0.0659,0.492,90.034,4
spotify:track:3UrkCtJH4T5pPE1zdciCZa,OUL YA BABA,ZAZA ELWASEEM,ZIAD ZAZA;Karim Osama;Riff,2023-07-31,140000,39,false,,2026-04-20T20:06:46Z,"egyptian hip hop,arabic hip hop,egyptian pop,mahraganat",Global,0.802,0.467,1,-8.912,1,0.512,0.628,0.0000212,0.114,0.217,118.023,4
spotify:track:27pwmRaBi9yBZEvgUhPJIA,3ANDY 7AGA A2OLHA!,3ANDY 7AGA A2OLHA!,ZAF,2025-02-08,132167,16,false,,2026-04-15T18:49:45Z,"egyptian hip hop,arabic hip hop,rage rap",In Lights,0.591,0.556,1,-11.776,1,0.0423,0.0000244,0,0.164,0.176,125.979,4
spotify:track:1Ae5Ibd9BdQtcCwXOvQDAu,FSH FSH FSH,FSH FSH FSH,ZAF,2025-02-08,85596,18,false,,2026-04-15T18:30:42Z,"egyptian hip hop,arabic hip hop,rage rap",In Lights,0.581,0.503,6,-12.11,0,0.0427,0.0000925,0.000292,0.119,0.326,143.039,4
spotify:track:5ruMb3OnAYD7jOwVlkoaPs,NERGA3 WARA,NERGA3 WARA,ZAF,2025-02-08,102484,20,false,,2026-04-15T18:30:38Z,"egyptian hip hop,arabic hip hop,rage rap",In Lights,0.625,0.765,8,-11.144,0,0.0498,0.0013,0.0123,0.0772,0.391,145.197,4
spotify:track:5h8762rvE3Zg1tuX5D8QYe,ELSHAB MONTASEEEEBBB,ELSHAB MONTASEEEEBBB,ZAF,2025-02-08,54883,20,false,,2026-04-15T18:30:34Z,"egyptian hip hop,arabic hip hop,rage rap",In Lights,0.689,0.718,11,-12.323,1,0.0657,0.00144,0.0000414,0.115,0.826,157.337,4
spotify:track:6eYSJiWODD4QR6sWNSkQby,MATRO7SH!,HARDY BOYZ,ZAF;hamadaboi,2025-07-15,132642,23,false,,2026-04-15T18:30:32Z,"egyptian hip hop,arabic hip hop,rage rap",In Lights,0.66,0.673,9,-7.364,0,0.033,0.157,0.00000315,0.254,0.399,118.044,4
spotify:track:6QRZmmf6E5EM3ImM0ug5HU,ZAZA ELWASEEM,ZAZA ELWASEEM,ZIAD ZAZA,2023-07-31,106164,27,false,,2026-04-15T09:37:19Z,"egyptian hip hop,arabic hip hop,egyptian pop,mahraganat",Global,0.482,0.653,2,-8.758,1,0.673,0.282,0,0.0772,0.0895,169.909,4
spotify:track:2jyFIp4CV65nnS2j2AIhXj,SAM7INY YA GHALIA,ZAZA ELWASEEM,ZIAD ZAZA;Ali Loka,2023-07-31,200000,29,false,,2026-04-15T09:35:08Z,"egyptian hip hop,arabic hip hop,egyptian pop,mahraganat",Global,0.786,0.581,3,-8.981,0,0.0391,0.172,0.00387,0.139,0.398,119.984,4
spotify:track:1im7Qa9wdX6SgWSpJD71EH,LW KOL YOOM 7AKHSAR ALF,ZAZA ELWASEEM,ZIAD ZAZA,2023-07-31,154482,35,false,,2026-04-15T09:34:05Z,"egyptian hip hop,arabic hip hop,egyptian pop,mahraganat",Global,0.661,0.571,1,-7.234,1,0.301,0.237,0.0000707,0.144,0.631,113.325,5
spotify:track:036zfPvKI80DWJt6GZHRjv,Bansaki Fel Sif,Bansaki Fel Sif,Begad,2026-04-02,169156,44,false,,2026-04-10T10:01:21Z,"egyptian hip hop,arabic hip hop,egyptian pop",Drop [Mgmt],0.605,0.347,9,-10.166,0,0.0861,0.0147,0.0000412,0.173,0.18,165.98,4
spotify:track:3EL2AM3PkNI004fs72Wv9x,BON APPETIT,TUMBLRR.,ZAF,2025-04-24,132632,24,false,,2026-04-10T09:39:25Z,"egyptian hip hop,arabic hip hop,rage rap",In Lights,0.727,0.595,11,-9.905,0,0.245,0.135,0,0.289,0.221,114.034,4
spotify:track:1fow8qIxRgwo4Ao0jgYhXM,7 gram,7 gram,ZAF;HADY MOAMER,2026-01-25,166655,24,true,,2026-04-10T09:25:44Z,"egyptian hip hop,arabic hip hop,rage rap,egyptian pop",In Lights,0.725,0.512,1,-7.932,1,0.04,0.00347,0.000726,0.149,0.102,136.014,4
spotify:track:1EmNUFyjwSLVq1sL7BmHVU,NABDA - INTRO,BARA EL BEIT,Begad;EVO,2025-08-12,115602,33,false,,2026-04-07T18:14:39Z,"egyptian hip hop,arabic hip hop,egyptian pop",Drop [Mgmt],0.361,0.491,10,-11.342,0,0.193,0.844,0.00193,0.117,0.317,99.65,4
spotify:track:4zDjRezTk6oxxbfZdohQLg,Yala Emshy,DND,Lil Baba,2026-03-25,171428,25,false,,2026-04-03T15:20:40Z,"egyptian hip hop,arabic hip hop,egyptian pop,mahraganat",WKS LTD,0.266,0.642,1,-5.101,1,0.0639,0.516,0.0000043,0.119,0.236,84.002,4
spotify:track:2pcvbIISL6jx2RN10IgWWf,ES7ALI YA PRINCE,Al-NEGM ELSAHELY,Mousv,2022-10-13,184421,44,false,,2026-03-31T14:37:31Z,"egyptian hip hop,arabic hip hop,egyptian pop",The Basement Records,0.683,0.655,5,-6.496,0,0.0331,0.0706,0.000564,0.157,0.0723,95.031,4
spotify:track:5bjU0DWOMLwfAglbY8yb9c,Negm,Negm,Lil Baba;Abyusif,2023-02-11,220000,43,false,,2026-03-31T14:18:23Z,"egyptian hip hop,arabic hip hop,egyptian pop,mahraganat",WKS LTD,0.878,0.358,8,-8.219,0,0.122,0.793,0.1,0.117,0.696,120.005,4
spotify:track:7e2Fzu33SbX4ECAB1Y1QDI,كان نفسي,جزيرة البطل,Wegz,2019-10-23,253342,30,false,,2026-03-31T14:15:58Z,"egyptian hip hop,arabic hip hop,egyptian pop,mahraganat",Takwene,0.731,0.294,1,-14.589,1,0.148,0.856,0.000248,0.0817,0.486,144.053,4
spotify:track:5MUgSVDX6xmvnk73ZAWgS8,RAMBO,KARTA,Begad;Motherfunkers,2023-03-06,123818,25,false,,2026-03-30T03:24:34Z,"egyptian hip hop,arabic hip hop,egyptian pop,glitch",Drop [Mgmt],0.897,0.669,6,-6.274,1,0.325,0.381,0,0.106,0.894,125.927,4
spotify:track:4GwuSF1seUh9LpJd7yee7y,Sheraton,Florida,Marwan Moussa,2021-01-01,216000,54,false,,2026-03-28T16:31:53Z,"egyptian hip hop,arabic hip hop,egyptian pop,mahraganat",The Basement Records,0.893,0.366,6,-11.53,0,0.0549,0.157,0.000164,0.0934,0.323,104.988,4
spotify:track:3m0ZzoPJELGjnDG8XKQr77,Kolo Fil Saleem,Kolo Fil Saleem,Marwan Moussa,2021-02-18,200504,40,false,,2026-03-28T16:27:35Z,"egyptian hip hop,arabic hip hop,egyptian pop,mahraganat",The Basement Records,0.878,0.424,0,-9.039,0,0.262,0.198,0,0.097,0.349,126.98,4
spotify:track:5rPH8zncLMO4zj5rPqkTR5,KHOMS ESDAS,KHOMS ESDAS,ghassan,2026-01-17,115200,1,true,,2026-03-28T08:54:03Z,"egyptian hip hop,arabic hip hop",Ghassan,0.811,0.762,8,-7.42,1,0.193,0.0729,0,0.103,0.546,150.093,4
spotify:track:1tB3DWZoN8ub0URYpesjDN,Dasani,Florida,Marwan Moussa,2021-01-01,192000,44,false,,2026-03-28T08:43:30Z,"egyptian hip hop,arabic hip hop,egyptian pop,mahraganat",The Basement Records,0.713,0.237,4,-12.548,0,0.297,0.103,0,0.103,0.494,105.961,4
spotify:track:5yvVT4L0WezP7lWjpeqQCw,LW 3OZT ATGHAYR,ZAZA ELWASEEM,ZIAD ZAZA,2023-07-31,99096,24,false,,2026-03-24T00:15:16Z,"egyptian hip hop,arabic hip hop,egyptian pop,mahraganat",Global,0.629,0.811,2,-6.768,1,0.33,0.125,0.0000125,0.211,0.591,155.022,4
spotify:track:7daeCWqDsJMqBoDjpBe4bG,RORA RIRA ROB,ZAZA ELWASEEM,ZIAD ZAZA,2023-07-31,193428,24,false,,2026-03-24T00:15:13Z,"egyptian hip hop,arabic hip hop,egyptian pop,mahraganat",Global,0.742,0.753,8,-6.651,0,0.277,0.272,0.00000141,0.163,0.921,140.106,4
spotify:track:4GrchtutcJ7IumbzwmO2nd,TAFY NARYYYY,TAFY NARYYYY,ZAF,2025-02-08,111943,23,false,,2026-03-21T12:42:31Z,"egyptian hip hop,arabic hip hop,rage rap",In Lights,0.61,0.412,11,-12.652,0,0.0394,0.127,0.00866,0.153,0.684,115.919,4
spotify:track:3yYJeOMrjXBzU7q7Dn3mW0,MASAR EGBARY,HARDY BOYZ,ZAF;hamadaboi,2025-07-15,140821,27,true,,2026-03-21T12:40:06Z,"egyptian hip hop,arabic hip hop,rage rap",In Lights,0.62,0.598,8,-8.06,1,0.0757,0.0519,0,0.11,0.328,119.158,4
spotify:track:5MPPttjfGap2C6j6eKcO6J,Baby (Lil Baby feat. DaBaby),Quality Control: Control The Streets Volume 2,Quality Control;Lil Baby;DaBaby,2019-08-16,142417,82,true,,2026-03-18T16:46:24Z,,Quality Control Music/Motown Records,0.97,0.463,10,-7.259,1,0.366,0.0957,0,0.151,0.46,108.003,4
spotify:track:0kk9vdY4MkMkUHXChid1uF,BABY SHARK,BABY SHARK,Omar Keif;ZIAD ZAZA,2026-01-16,114245,54,false,,2026-03-18T16:45:12Z,"egyptian hip hop,arabic hip hop,mahraganat,egyptian pop",RAAD Records,0.607,0.721,5,-4.932,1,0.198,0.4,0,0.128,0.665,210.018,3
spotify:track:7vIgV4JtESTyZKRoMh4zhI,BOS LEL-SAMA W ETNAFES - Outro,[LOWL!FE] (PART2),Begad;EVO,2025-01-17,141732,26,false,,2026-03-17T13:43:01Z,"egyptian hip hop,arabic hip hop,egyptian pop",Drop [Mgmt],0.48,0.42,1,-12.309,0,0.039,0.264,0.00628,0.103,0.0645,128.128,4
spotify:track:3aM1I1mbJAXsHUAFqtVhpF,FE EL NEHAYA,WELAD EL 7ARA,Begad,2024-02-28,194816,37,false,,2026-03-17T13:31:35Z,"egyptian hip hop,arabic hip hop,egyptian pop",Drop [Mgmt],0.791,0.533,4,-13.866,0,0.106,0.61,0,0.112,0.378,111.022,4
spotify:track:6OFBY5xZTWV2uzrMIuaBNP,BAS2AL NAFSY,[LOWL!FE] (PART2),Begad,2025-01-17,186007,37,false,,2026-03-17T13:31:33Z,"egyptian hip hop,arabic hip hop,egyptian pop",Drop [Mgmt],0.586,0.518,4,-8.915,0,0.0391,0.311,0.0000126,0.412,0.407,79.981,4
spotify:track:5RtBqDsHYpKBRSXjJkj4IY,رسالة من مصلب عمومي,رسالة من مصلب عمومي,Eslam Kabonga;Kalosha,2024-09-13,321805,39,false,,2026-03-15T01:39:44Z,"mahraganat,dub,egyptian pop",Houda El3Fret,0.896,0.902,1,-0.556,1,0.141,0.109,0,0.291,0.732,110.005,4
spotify:track:1qhODkCMlYY22JflCKJQnz,اللي نفسه فيا بيتي ميتوهش,اللي نفسه فيا بيتي ميتوهش,Eslam Kabonga,2023-10-12,385068,48,false,,2026-03-05T18:25:53Z,"mahraganat,dub,egyptian pop",Tecno,0.754,0.843,9,-5.921,0,0.113,0.357,0,0.359,0.953,107.99,4
spotify:track:76oWruR7pYy8Fjvgn4KBUA,Both Sides Of The Moon,Not Your Muse (Deluxe),Celeste;Gotts Street Park,2021-01-29,257239,64,false,,2026-03-04T21:20:37Z,,Polydor Records,0.636,0.149,0,-11.701,0,0.0719,0.836,0.00504,0.0939,0.251,117.52,4
spotify:track:0ODThRFEbSX7Ia1IVsrKGh,YOUMI,YOUMI,Fawzi;Shabjdeed;Al Nather,2025-09-12,253718,49,false,,2026-03-04T15:42:36Z,"arabic hip hop,egyptian hip hop",BLTNM Records LTD,0.64,0.689,10,-8.248,0,0.0854,0.436,0.00000738,0.0981,0.178,139.991,4
spotify:track:4qZyU4J5PotE2XlC2wFKKx,Mantika,Sindibad el Ward,Al Nather;Shabjdeed,2019-08-18,252464,45,true,,2026-03-04T14:49:27Z,"arabic hip hop,egyptian hip hop",BLTNM,0.855,0.813,6,-6.13,0,0.0488,0.11,0.0303,0.0775,0.0452,129.974,4
spotify:track:0ixhF6puZcJfqwlyP3HS4G,M3 3DM E7TRAMY,2000GEN,TURK;Ärsenik;ZIAD ZAZA,2024-02-01,152607,40,true,,2026-03-04T03:28:19Z,"egyptian hip hop,arabic hip hop,egyptian pop,mahraganat,french rap,french r&b",Universal Music MENA Distributed Labels,0.785,0.666,1,-6.868,1,0.357,0.526,0,0.0697,0.6,140.128,4
spotify:track:6dXjUMjFxfAX4F2dHKqQzf,Rock,Rock,Stepz,2024-10-11,144113,70,false,,2026-03-01T21:34:07Z,uk drill,Stepz,0.9,0.743,1,-5.898,1,0.222,0.0486,0,0.304,0.729,150,4
spotify:track:4PEGwWH4tL6H7dGl4uVSPg,Like a Tattoo,Love Deluxe,Sade,1992-10-26,218000,84,false,,2026-02-28T21:21:39Z,,Epic,0.557,0.16,5,-16.302,0,0.0315,0.922,0.000756,0.0996,0.133,136.01,4
spotify:track:43iIQbw5hx986dUEZbr3eN,From The Start,Bewitched,Laufey,2023-09-08,169573,89,false,,2026-02-28T21:05:57Z,,Laufey,0.554,0.339,1,-10.088,1,0.0779,0.886,0.00128,0.11,0.83,80.994,4
spotify:track:0tcGlGR27zistncQhiNKDb,Yazmeely,Origins: قبل انتفاضة,Mond,2023-07-21,196806,65,false,,2026-02-22T19:41:46Z,"egyptian hip hop,arabic hip hop,egyptian pop,mahraganat",Muhab,0.706,0.467,5,-9.396,0,0.0401,0.575,0,0.112,0.224,100.045,4
spotify:track:2ZPkxfVAMHruUprOY9IWpo,Esme,Esme,Mond,2026-01-12,158434,50,false,,2026-02-22T19:41:41Z,"egyptian hip hop,arabic hip hop,egyptian pop,mahraganat",Muhab,0.718,0.38,2,-11.126,0,0.385,0.644,0.000854,0.121,0.308,81.979,4
spotify:track:6AxxHZTffWwQbN9qPbucSi,LET THE WORLD BURN (Hoodtrap / Mylancore Remix),LET THE WORLD BURN (Hoodtrap / Mylancore Remix),Chris Grey;Kryd;R3BEL,2025-09-30,130000,68,false,,2026-02-19T22:44:20Z,dark r&b,Rebellion Records,0.25,0.549,5,-5.047,0,0.031,0.000144,0,0.733,0.151,92.17,4
spotify:track:5wARUF6Hs4qhGGbjJ12fiS,LET THE WORLD BURN x you broke my heart,LET THE WORLD BURN x you broke my heart,Kryd;kobzx2z;Chris Grey;Myla,2026-01-16,118823,63,false,,2026-02-19T22:44:05Z,dark r&b,Rebellion Records,0.242,0.856,2,-1.091,0,0.0374,0.018,0,0.742,0.182,101.352,4
spotify:track:5ngKfcia7Xyjr4kYv97dbJ,LET THE WORLD BURN - TikTok Guitar Cover x Hoodtrap Mashup,LET THE WORLD BURN (TikTok Guitar Cover x Hoodtrap Mashup),R3BEL;Joshua Guitar;Kryd,2025-10-23,66874,66,false,,2026-02-19T22:43:14Z,,Rebellion Records,0.268,0.371,5,-5.81,0,0.0316,0.00351,0,0.607,0.381,83.366,4
spotify:track:1XBYiRV30ykHw5f4wm6qEn,NIGHTS LIKE THIS,THE FIRST TIME,The Kid LAROI,2023-11-10,86983,45,false,,2026-02-11T09:47:39Z,,Columbia,0.482,0.757,6,-4.586,1,0.0355,0.0137,0.0016,0.143,0.12,142.579,4
spotify:track:4RR4R4a7kL1XNZgjBEP6Sg,Msh Batghayar,Msh Batghayar,Karim Osama,2026-01-29,194181,33,false,,2026-02-10T21:39:03Z,"egyptian hip hop,arabic hip hop,egyptian pop,mahraganat",WRST Distribution,0.693,0.539,1,-8.925,1,0.0577,0.636,0,0.0997,0.442,109.976,4
spotify:track:00UD0Ib6gWmfCJ10Uo483P,Maa Elsalama III,Maa Elsalama III,Mond,2026-01-29,193161,51,false,,2026-02-05T00:14:00Z,"egyptian hip hop,arabic hip hop,egyptian pop,mahraganat",Muhab,0.364,0.323,7,-10.462,0,0.0385,0.719,0.000953,0.42,0.274,136.995,3
spotify:track:3FLzki6Sx4XhNq2HU9N0PU,Win - House version,Win (House version),Halim yousfi,2024-04-19,385335,33,false,,2026-01-20T22:27:42Z,,Gultrah Music,0.78,0.902,8,-8.3,1,0.0472,0.00915,0.564,0.181,0.0396,121.996,4
spotify:track:08NqxhwtQzKtRdPtRSBuTR,Yumain O Leila,Malyoun,Jadal,2016-07-10,473981,23,false,,2026-01-20T22:21:00Z,,Jadal,0.412,0.646,3,-6.833,0,0.0335,0.00283,0.00000973,0.14,0.19,124.17,4
spotify:track:3h1jutulUcF4TCtDNuSQ1Z,KLAB FLOOS - Outro,ET7AD EL ASH2YA,Begad,2026-01-15,137872,33,false,,2026-01-16T11:46:23Z,"egyptian hip hop,arabic hip hop,egyptian pop",Drop [Mgmt],0.539,0.593,6,-9.95,0,0.162,0.0146,0.000305,0.148,0.197,94.117,4
spotify:track:5zezgwnV52vyiSgBgP5g24,SO2 TALAMEEZ,ET7AD EL ASH2YA,Begad;EVO,2026-01-15,138461,33,false,,2026-01-16T11:44:43Z,"egyptian hip hop,arabic hip hop,egyptian pop",Drop [Mgmt],0.633,0.421,2,-8.947,0,0.231,0.106,0,0.202,0.3,129.929,4
spotify:track:1SenAUwxeMO3Y5bAEBSxI0,POKERFACE,ET7AD EL ASH2YA,Begad,2026-01-15,149861,40,false,,2026-01-16T11:43:06Z,"egyptian hip hop,arabic hip hop,egyptian pop",Drop [Mgmt],0.493,0.672,7,-10.07,1,0.211,0.0206,0.000079,0.0903,0.885,172.205,4
spotify:track:2pY3ZQ4pZ3mClI6k6odThk,ET7AD EL-ASH2YA - Intro,ET7AD EL ASH2YA,Begad,2026-01-15,105290,34,false,,2026-01-16T11:41:37Z,"egyptian hip hop,arabic hip hop,egyptian pop",Drop [Mgmt],0.703,0.49,1,-9.629,1,0.197,0.0084,0.00646,0.165,0.115,154.949,4
spotify:track:1n5bEkZajR8rwOVXymJJ6I,WA2T DAYE3,7ELWA,ZAF,2025-02-10,142431,19,true,,2026-01-11T14:44:29Z,"egyptian hip hop,arabic hip hop,rage rap",In Lights,0.649,0.558,6,-11.328,0,0.0335,0.154,0,0.118,0.46,107.008,4
spotify:track:6GJC6sjfme9BXZLpRYkGkD,ASTAHEL,ERA ETNEN,WG SAD;ZAF,2025-08-09,76481,18,false,,2026-01-11T14:43:27Z,"egyptian hip hop,arabic hip hop,egyptian pop,rage rap",WG SAD,0.481,0.792,3,-8.7,0,0.0872,0.218,0.00000464,0.126,0.317,68.748,5
spotify:track:5tzIeLSwSAX0tVJ358O6OW,LEM EL DOR,TUMBLRR.,ZAF,2025-04-24,176448,30,false,,2026-01-11T14:43:07Z,"egyptian hip hop,arabic hip hop,rage rap",In Lights,0.467,0.512,11,-14.341,0,0.067,0.0326,0.000037,0.109,0.145,148.612,4
spotify:track:5nPM6ybuPZrnX8VvMs5Ei8,HARDDDDC0REEEE,HARDDDDC0REEEE,ZAF,2025-02-08,83612,23,false,,2026-01-11T14:42:57Z,"egyptian hip hop,arabic hip hop,rage rap",In Lights,0.786,0.544,7,-12.14,1,0.0907,0.000336,0.0000034,0.0769,0.816,140.888,4
spotify:track:5sRGk1uOYSOOPgtp6zz6tB,L2 MSH 3EB,TUMBLRR.,ZAF,2025-04-24,83075,23,false,,2026-01-10T04:09:01Z,"egyptian hip hop,arabic hip hop,rage rap",In Lights,0.541,0.669,10,-5.904,0,0.044,0.00035,0,0.104,0.256,130.178,4
spotify:track:0NXATih2wq1lE0ZVm5JHUr,TAMASEEEL,TUMBLRR.,ZAF;QABNAS,2025-04-24,157091,26,false,,2026-01-09T23:46:07Z,"egyptian hip hop,arabic hip hop,rage rap,egyptian pop",In Lights,0.812,0.559,4,-9.447,0,0.192,0.542,0,0.11,0.899,109.957,4
spotify:track:1yxv28qLdH3nMheQGUAxqV,ANSAHA,ZHYMR,TURK,2024-08-21,142894,40,true,,2026-01-09T16:30:30Z,"egyptian hip hop,arabic hip hop,egyptian pop,mahraganat",Universal Music MENA Distributed Labels,0.687,0.501,3,-8.607,0,0.0385,0.628,0.00702,0.107,0.281,81.508,4
spotify:track:3RiDHz3sX2V0hyKUnzcrLR,Maalosh Beymot Leh ?,OQAY OQAY,ZIAD ZAZA,2022-03-10,137171,57,false,,2026-01-05T02:12:11Z,"egyptian hip hop,arabic hip hop,egyptian pop,mahraganat",Global,0.482,0.541,7,-8.959,0,0.0302,0.119,0.000385,0.599,0.0994,135.076,4
spotify:track:1RHx8Lc9FLd2EKdba0cCve,EN7DAR,EN7DAR,ZAF,2025-02-26,166718,31,false,,2026-01-01T17:25:19Z,"egyptian hip hop,arabic hip hop,rage rap",In Lights,0.689,0.439,8,-12.794,0,0.068,0.0398,0,0.0727,0.487,105.301,4
spotify:track:1tvyKos1BBUuBuKop6QK4u,MABSOTA!?,TUMBLRR.,ZAF,2025-04-24,97729,33,false,,2026-01-01T17:18:55Z,"egyptian hip hop,arabic hip hop,rage rap",In Lights,0.949,0.218,1,-11.99,1,0.488,0.00109,0.00016,0.0941,0.3,133.239,4
spotify:track:0Sedv4vGGp9HLkgLdERBal,BUM BUM BUM BUM,7ELWA,ZAF,2025-02-10,104768,22,true,,2026-01-01T17:13:40Z,"egyptian hip hop,arabic hip hop,rage rap",In Lights,0.68,0.367,1,-11.824,1,0.0426,0.0165,0.000844,0.23,0.118,84.523,4
spotify:track:7COsww4NAz5kA7MMFdzCcA,16,[LOWL!FE] (PART2),Begad,2025-01-17,184421,37,false,,2026-01-01T11:12:18Z,"egyptian hip hop,arabic hip hop,egyptian pop",Drop [Mgmt],0.721,0.529,7,-7.152,0,0.0503,0.0388,0.000552,0.523,0.178,94.95,4
spotify:track:0u695M7KyzXaPIjpEbxOkB,SICKO MODE - Skrillex Remix,SICKO MODE (Skrillex Remix),Travis Scott;Skrillex,2018-11-28,304512,58,true,,2025-12-31T11:29:05Z,"rap,dubstep,edm,electro,electronic",Cactus Jack / Epic,0.651,0.833,1,-3.356,1,0.172,0.0214,0,0.14,0.443,155.051,4
spotify:track:1fud4DUbImYbOiFqqrHAjD,LA AMAN,LA AMAN,TURK;ZIAD ZAZA,2025-02-13,192861,0,false,,2025-12-31T11:27:37Z,"egyptian hip hop,arabic hip hop,egyptian pop,mahraganat",Global,0.707,0.587,0,-5.321,1,0.0587,0.0265,0.000253,0.0859,0.272,139.994,4
spotify:track:0mQq1NJmYKiFDVEyBeP4Te,EL SHAB DA ANA,WA7ED,FL EX,2025-09-10,146859,41,false,,2025-12-31T11:21:50Z,"egyptian hip hop,arabic hip hop,mahraganat,egyptian pop",FL EX,0.607,0.641,7,-9.429,1,0.273,0.104,0,0.371,0.408,160.108,4
spotify:track:7t2pto2Td9oldo7aGOft4n,Shedeeny,Narein,TUL8TE,2025-07-31,188281,68,false,,2025-12-31T11:09:14Z,"egyptian hip hop,egyptian pop,arabic hip hop",MDLBEAST Records,0.431,0.71,6,-6.24,0,0.0365,0.0875,0.0000819,0.105,0.429,156.989,4
spotify:track:55mj9EYItGVGjrvyiY9rlw,SAM3 AKHINA,ZAZA ELWASEEM,ZIAD ZAZA,2023-07-31,128444,53,false,,2025-12-31T10:10:48Z,"egyptian hip hop,arabic hip hop,egyptian pop,mahraganat",Global,0.644,0.64,1,-8.11,1,0.049,0.127,0,0.271,0.123,134.962,4
spotify:track:2DdPxbjEtE4uUfB7Zv2CUT,AMANA,AMANA,Mond,2025-07-16,123067,45,false,,2025-12-31T03:29:18Z,"egyptian hip hop,arabic hip hop,egyptian pop,mahraganat",Muhab,0.72,0.259,9,-14.123,0,0.203,0.695,0.000137,0.108,0.389,141.905,4
spotify:track:55AFKSZFskLXl6M9XVnos8,DALMA,FOR REAL,Afroto,2025-10-01,155409,17,false,,2025-12-31T03:23:09Z,"egyptian hip hop,arabic hip hop,mahraganat,egyptian pop",The Basement Records,0.411,0.667,7,-8.827,1,0.127,0.0543,0,0.26,0.363,119.392,5
spotify:track:7kyK49uMU4tJUseyrvUXFy,SALAM - OUTRO,BARA EL BEIT,Begad;EVO,2025-08-12,182525,36,false,,2025-12-30T21:59:00Z,"egyptian hip hop,arabic hip hop,egyptian pop",Drop [Mgmt],0.674,0.485,0,-12.204,0,0.0399,0.532,0.014,0.116,0.362,129.975,4
spotify:track:5U0k0FiXAksUJ1j1glRFJU,MO SALAH EG HAKIMIMA,3am El Nas,Begad;Flack;Hassa1,2023-07-28,177720,0,false,,2025-12-30T18:23:23Z,"egyptian hip hop,arabic hip hop,egyptian pop,moroccan rap,moroccan pop",Drop [Mgmt],0.747,0.56,11,-12.752,1,0.124,0.572,0.00000229,0.115,0.334,145.005,4
spotify:track:4G90AW9TGH2J0xsTREoB9u,PARIS,2000GEN,TURK;ZIAD ZAZA;Dabl De,2024-02-01,170460,50,true,,2025-12-28T23:04:32Z,"egyptian hip hop,arabic hip hop,egyptian pop,mahraganat",Universal Music MENA Distributed Labels,0.857,0.68,1,-5.87,1,0.273,0.206,0,0.185,0.35,125.121,4
spotify:track:74DPW5kuKTVQMNiIm2R3v6,FARES,FARES,Begad,2025-09-19,143225,31,false,,2025-12-28T14:04:43Z,"egyptian hip hop,arabic hip hop,egyptian pop",Drop [Mgmt],0.631,0.545,5,-11.064,0,0.111,0.0524,0.000134,0.217,0.491,93.106,3
spotify:track:32dRw90vVNSP6gnBlqBhIE,AGBHA,AGBHA,ZIAD ZAZA;5mstashr,2025-11-02,188636,62,true,,2025-12-27T12:31:37Z,"egyptian hip hop,arabic hip hop,egyptian pop,mahraganat",Global,0.781,0.615,10,-6.92,0,0.122,0.0294,0.00000616,0.625,0.444,131.97,4
spotify:track:23zkCeilwVL6CvjPPJ4Lxm,MILI 3LAYA YAMMA,WELAD EL 7ARA,Begad,2024-02-28,202090,32,false,,2025-12-27T11:06:07Z,"egyptian hip hop,arabic hip hop,egyptian pop",Drop [Mgmt],0.619,0.653,5,-7.825,1,0.0468,0.181,0,0.141,0.337,95.059,4
spotify:track:2u34kU7BxlBNPgFHLxiT5B,K K,ZAZA ELWASEEM,ZIAD ZAZA,2023-07-31,135510,35,false,,2025-12-27T09:57:04Z,"egyptian hip hop,arabic hip hop,egyptian pop,mahraganat",Global,0.67,0.664,0,-7.212,1,0.278,0.768,0.00000278,0.084,0.698,146.898,4
spotify:track:6UDpHwNdir6KyXIxHrB9jj,OLELI,HOB GHADAB,ghassan;zalka,2025-07-04,150857,0,true,,2025-12-25T17:30:58Z,"egyptian hip hop,arabic hip hop,egyptian pop",Ghassan,0.699,0.49,1,-10.135,0,0.374,0.688,0,0.219,0.371,139.98,4
spotify:track:1eHh1ANn5xdQtw2UmtK8Kp,Crash,ElWadEyuh,ghassan,2025-12-08,96000,0,true,,2025-12-25T17:30:16Z,"egyptian hip hop,arabic hip hop",Ghassan,0.591,0.657,6,-8.74,0,0.0602,0.0602,0,0.359,0.373,69.977,4
spotify:track:6QTVXu8baa2G5A1LOOrtQR,Rob3 Milly,ElWadEyuh,ghassan,2025-12-08,82026,0,true,,2025-12-25T17:29:56Z,"egyptian hip hop,arabic hip hop",Ghassan,0.808,0.434,2,-8.992,1,0.0957,0.00666,0.0000151,0.0835,0.394,82.546,4
spotify:track:2X5hEUVNhYcmzzzEP1ryTp,Khayalha,ElWadEyuh,ghassan,2025-12-08,81038,6,true,,2025-12-25T17:28:58Z,"egyptian hip hop,arabic hip hop",Ghassan,0.635,0.733,11,-12.871,0,0.045,0.577,0.000465,0.299,0.966,153.964,4
spotify:track:4lYemStmmP106cqyLb1sbs,السعر الصح,تبليسي,DIBUWEV;zalka;ghassan,2025-09-19,130434,0,true,,2025-12-25T17:28:24Z,"mahraganat,egyptian hip hop,arabic hip hop,egyptian pop",DIBUWEV,0.518,0.461,1,-9.625,1,0.215,0.00972,0.00358,0.291,0.0715,143.84,3
spotify:track:4OdBhx0yOHZ5pnrPWOnpsd,Layali,Layali,ghassan,2025-10-25,106000,1,true,,2025-12-25T17:28:13Z,"egyptian hip hop,arabic hip hop",Ghassan,0.681,0.868,0,-5.997,0,0.0746,0.0601,0.00000968,0.34,0.615,150.129,4
spotify:track:0JTdnyTwNtrJjOM3S7YP7P,1 Mesh Mekafeya,ElWadEyuh,ghassan;DIBUWEV,2025-12-08,70630,4,true,,2025-12-25T17:27:48Z,"egyptian hip hop,arabic hip hop,mahraganat,egyptian pop",Ghassan,0.747,0.743,2,-7.393,1,0.141,0.168,0,0.0615,0.727,120.084,4
spotify:track:5thX6zdXQBEwUyMGeGDvC3,FAKES MNO,FAKES MNO,ZIAD ZELZAL;Seif kix;Gazzar,2025-06-24,181973,0,false,,2025-12-24T12:05:47Z,"egyptian hip hop,arabic hip hop,egyptian pop",Takwene,0.469,0.783,1,-6.976,1,0.0956,0.0865,0,0.222,0.462,75.972,4
spotify:track:2voq3cz4GqBMkNcz8RZr7q,HANEB2A TAMAM,HOB GHADAB,ghassan;zalka,2025-07-04,189873,0,true,,2025-12-24T12:03:56Z,"egyptian hip hop,arabic hip hop,egyptian pop",Ghassan,0.624,0.632,1,-9.867,1,0.133,0.183,0.000136,0.106,0.489,157.989,4
spotify:track:25oFWynxXFkTw7SDLdWkru,7AMASSA,KARTA,Begad,2023-03-06,103445,0,false,,2025-12-24T12:03:45Z,"egyptian hip hop,arabic hip hop,egyptian pop",Drop [Mgmt],0.643,0.573,6,-7.391,0,0.244,0.0159,0.0000292,0.095,0.198,119.293,4
spotify:track:2RO6mM175L8ffTKZtx4w0Q,GARAR,KARTA,Begad,2023-03-06,129914,0,false,,2025-12-24T12:02:33Z,"egyptian hip hop,arabic hip hop,egyptian pop",Drop [Mgmt],0.786,0.56,9,-9.493,1,0.333,0.392,0,0.185,0.847,141.087,4
spotify:track:4sFiKqfGh9rhSmzSsbeAYw,MR KARATEH,KARTA,Begad,2023-03-06,132659,0,false,,2025-12-24T12:01:32Z,"egyptian hip hop,arabic hip hop,egyptian pop",Drop [Mgmt],0.447,0.768,1,-8.58,1,0.496,0.345,0,0.144,0.712,157.676,4
spotify:track:5rVxPglWxOGDneIJ6WTdn9,KARTA,KARTA,Begad,2023-03-06,136134,0,false,,2025-12-24T11:58:03Z,"egyptian hip hop,arabic hip hop,egyptian pop",Drop [Mgmt],0.802,0.722,10,-9.568,1,0.357,0.0466,0.0000278,0.059,0.0703,144.357,4
spotify:track:0WQPIGP1xRItQTCx8lQ91z,El Gamela - الجميلة,El Gamela - الجميلة,Begad,2025-10-17,134963,29,false,,2025-12-24T11:57:22Z,"egyptian hip hop,arabic hip hop,egyptian pop",Sony Music Entertainment,0.658,0.522,9,-8.756,0,0.0642,0.328,0,0.101,0.188,93.036,4
spotify:track:4q90lpTQdMt1nt0Q9Hxc0f,SAHRAN,SAHRAN,Hackler;Begad,2025-01-16,229565,13,false,,2025-12-24T11:54:45Z,"moroccan rap,moroccan pop,arabic hip hop,egyptian hip hop,egyptian pop",Hackler,0.524,0.529,10,-12.392,0,0.124,0.289,0,0.13,0.234,91.885,4
spotify:track:0z8AgEMgGyOCP2qrJbvwS7,Ma Vie,Intifada,Mond,2024-09-10,125500,40,false,,2025-12-22T14:19:22Z,"egyptian hip hop,arabic hip hop,egyptian pop,mahraganat",IL MOND,0.765,0.473,4,-8.942,0,0.0462,0.899,0.000805,0.138,0.498,159.982,4
spotify:track:4Sh8H0ONFKZRjPwJyrSFzG,shaklekmagnona,MATADOR,Marwan Moussa;Karim Osama,2025-08-28,149142,50,false,,2025-12-22T14:17:13Z,"egyptian hip hop,arabic hip hop,egyptian pop,mahraganat",The Basement Records,0.8,0.786,9,-8.743,0,0.0824,0.367,0.189,0.316,0.82,139.975,4
spotify:track:3sOKRb2uCVQH0fGWCUkfOZ,F22,F22,Mousv,2020-09-01,144000,44,false,,2025-12-22T14:00:42Z,"egyptian hip hop,arabic hip hop,egyptian pop",The Basement Records,0.789,0.52,2,-10.106,1,0.302,0.545,0.0000635,0.0877,0.809,110.004,4
spotify:track:7jkooE4XofE9O1PoNimiBr,EL-NAS 3AMLEEN WLAD NAS,[LOWL!FE] (PART2),Begad,2025-01-17,181189,33,false,,2025-12-22T08:26:27Z,"egyptian hip hop,arabic hip hop,egyptian pop",Drop [Mgmt],0.376,0.577,6,-8.004,0,0.0738,0.197,0.00000358,0.157,0.604,160.02,4
spotify:track:23DssQRK69UvhGSwN4IwGB,La Vie D’artiste [حياة الفنان],La Vie D’artiste [حياة الفنان],Begad,2025-12-15,120000,37,false,,2025-12-19T13:11:28Z,"egyptian hip hop,arabic hip hop,egyptian pop",2025 BEGAD,0.605,0.607,10,-9.091,0,0.311,0.0151,0.000147,0.291,0.287,94.052,4
spotify:track:4xdMq5v5G2m3SuLrD84UBu,RAGEL - FREESTYLE,RAGEL (FREESTYLE),Mond;Keen,2025-07-24,110871,44,false,,2025-12-19T13:09:51Z,"egyptian hip hop,arabic hip hop,egyptian pop,mahraganat",Ilmond,0.691,0.509,11,-7.362,1,0.0856,0.459,0.00705,0.144,0.481,80.037,4
spotify:track:7uew8Sq9vfjXmEzyj0c138,Mahma,Mahma,Karim Enzo,2021-09-04,234712,17,false,,2025-12-19T00:21:32Z,"egyptian hip hop,arabic hip hop,egyptian pop",The Basement Records,0.651,0.434,6,-9.078,1,0.104,0.358,0.0000134,0.281,0.465,91.012,4
spotify:track:2fOoMpwfcLaOw3rPrbHgyO,Be3teeny Leh | Red Bull Mazzika Salonat,Be3teeny Leh | Red Bull Mazzika Salonat,Amr Mostafa;ZIAD ZAZA;Moataz Mady;Red Bull Sika,2025-12-01,215172,67,false,,2025-12-18T14:07:02Z,"egyptian pop,egyptian hip hop,arabic hip hop,mahraganat",Global,0.643,0.734,4,-8.525,0,0.0437,0.55,0.0076,0.113,0.584,174.015,4
spotify:track:7f1gg82SlspYdGfy4E1ckj,Radio,Radio,Mond,2025-12-01,117676,45,false,,2025-12-17T10:58:09Z,"egyptian hip hop,arabic hip hop,egyptian pop,mahraganat",Muhab,0.743,0.764,11,-6.535,0,0.196,0.166,0.00000642,0.124,0.546,81.984,4
spotify:track:0WqqQ8uHKDbkPbo2ASI9U6,Kadaba,Kadaba,Karim Osama,2025-02-12,176000,14,false,,2025-12-17T06:03:45Z,"egyptian hip hop,arabic hip hop,egyptian pop,mahraganat",Karim Osama,0.852,0.545,1,-8.052,1,0.181,0.505,0,0.106,0.405,119.976,4
spotify:track:7D4xFTTgAEebSthA5EpE7Q,EL3AW,KARTA,Begad,2023-03-06,116608,0,false,,2025-12-16T03:14:04Z,"egyptian hip hop,arabic hip hop,egyptian pop",Drop [Mgmt],0.712,0.632,10,-6.31,0,0.418,0.181,0,0.169,0.809,150.05,4
spotify:track:0YuEaCtChNkORqxyWteYpO,BITCHY SHOFY STYLE,BITCHY SHOFY STYLE,Omar Mado;UKI ZEW,2024-09-20,126545,40,false,,2025-12-15T09:41:18Z,"egyptian hip hop,arabic hip hop,egyptian pop,mahraganat",HeavyWeight,0.865,0.452,7,-6.967,0,0.165,0.802,0.00000982,0.507,0.527,109.914,4
spotify:track:7n4s9jZxq0JU8sdFinDK2g,El Gholaf X Ozoris,EL Gholaf X Ozoris,Marwan Pablo,2017-12-27,240500,21,false,,2025-12-15T09:23:28Z,"egyptian hip hop,arabic hip hop,egyptian pop,mahraganat",Quality Clique,0.46,0.717,9,-6.011,0,0.145,0.121,0.0000065,0.234,0.458,94.942,3
spotify:track:5arfoRuIEliMiCRZt7CFkA,Denamet,Denamet,Molotof;Marwan Pablo,2020-04-03,208065,61,true,,2025-12-15T09:23:19Z,"egyptian hip hop,arabic hip hop,egyptian pop,mahraganat",Molotof,0.661,0.576,5,-9.367,1,0.309,0.282,0.00000329,0.086,0.436,140.111,4
spotify:track:5oYwqrGdMYy1vYB6qg9HDQ,Kalem El Police,Kalem El Police,Intomymind;DizzyTooSkinny;Afroto;Batistuta,2021-11-07,207903,6,false,,2025-12-15T09:16:44Z,"egyptian hip hop,arabic hip hop,egyptian pop,mahraganat",Intomymind,0.687,0.598,2,-8.333,0,0.0451,0.0012,0,0.0924,0.0934,135.085,4
spotify:track:4az4gB9Owpv5b1Ckj3yxia,Kalem El Matafy,Kalem El Matafy,Intomymind;DizzyTooSkinny;Afroto;Batistuta;Big Moe,2021-12-31,260198,7,false,,2025-12-15T09:13:11Z,"egyptian hip hop,arabic hip hop,egyptian pop,mahraganat,southern hip hop",Intomymind,0.785,0.594,11,-8.44,0,0.294,0.0674,0,0.108,0.676,149.993,4
spotify:track:6runzoIDw9CGDnavxLPyDs,Fawa2laha 2,Fawa2laha 2,Karim Enzo,2022-06-30,163902,3,false,,2025-12-14T14:03:00Z,"egyptian hip hop,arabic hip hop,egyptian pop",The Basement Records,0.724,0.51,5,-8.807,1,0.242,0.141,0,0.13,0.407,163.95,4
spotify:track:4IEO1K7gVgweMsY8VA12AD,OMG,OMG,Karim Enzo,2020-12-05,203294,16,false,,2025-12-14T13:56:48Z,"egyptian hip hop,arabic hip hop,egyptian pop",The Basement Records,0.818,0.692,0,-8.56,0,0.256,0.373,0.00047,0.419,0.607,85.033,4
spotify:track:0SCzkuzC1DdnOfd5tJLwy1,3aks El Seer,3aks El Seer,Karim Enzo,2021-02-05,173611,20,false,,2025-12-14T13:49:50Z,"egyptian hip hop,arabic hip hop,egyptian pop",The Basement Records,0.645,0.676,10,-7.516,0,0.062,0.279,0,0.133,0.766,179.869,4
spotify:track:4lXXXOjv9TLhjQ6MNgSGdW,12:00 AM,[LOWL!FE] (PART2),Begad,2025-01-17,169178,36,false,,2025-12-14T13:03:55Z,"egyptian hip hop,arabic hip hop,egyptian pop",Drop [Mgmt],0.5,0.504,2,-11.283,0,0.0437,0.638,0.000122,0.123,0.388,155.973,4
spotify:track:2X6gHTrTaa2zUKJ6MGBjEv,ELSO7BAGYA,[LOWL!FE] (PART1),Begad;UMI-يومي,2025-01-10,200508,29,false,,2025-12-14T13:01:23Z,"egyptian hip hop,arabic hip hop,egyptian pop",Drop [Mgmt],0.63,0.632,8,-8.535,1,0.114,0.118,0,0.115,0.485,120.124,4
spotify:track:5tTW2gEcGTkSXvZCoEVWgU,3AFAREET MUZZIKA,3AFAREET MUZZIKA,Begad,2022-03-28,147102,8,false,,2025-12-14T12:58:55Z,"egyptian hip hop,arabic hip hop,egyptian pop",Drop [Mgmt],0.729,0.84,1,-8.46,0,0.284,0.328,0,0.0543,0.749,127.241,4
spotify:track:6ocV2N5sMP1WDDiuTBWgCO,Ghanem Samir,ElWadEyuh,ghassan;zalka,2025-12-08,150825,0,true,,2025-12-14T11:55:26Z,"egyptian hip hop,arabic hip hop,egyptian pop",Ghassan,0.806,0.962,6,-5.222,1,0.357,0.0375,0,0.27,0.385,109.01,4
spotify:track:6JcdmDmB9EV7wFYxbwa8xa,Nasser,Nasser,Nasser;Kay,2025-02-01,172000,57,false,,2025-12-14T06:21:14Z,"egyptian hip hop,arabic hip hop,egyptian pop",Global,0.687,0.463,5,-10.223,0,0.375,0.396,0.000125,0.1,0.519,179.995,4
spotify:track:6yfc88ES1fD5R0w1KR2nIP,DON'T CALL ME TODAY,DON'T CALL ME TODAY,Mousv,2025-11-26,153290,38,false,,2025-12-14T01:50:56Z,"egyptian hip hop,arabic hip hop,egyptian pop",The Basement Records,0.593,0.758,9,-7.014,1,0.102,0.0777,0,0.0678,0.303,155.053,4
spotify:track:1TthYEGulcipc2dmRCBJ5n,NSWNGY,HOB GHADAB,ghassan;zalka,2025-07-04,253584,0,true,,2025-12-12T20:31:45Z,"egyptian hip hop,arabic hip hop,egyptian pop",Ghassan,0.686,0.553,11,-7.892,0,0.0396,0.121,0,0.187,0.15,106.055,4
spotify:track:27a1mYSG5tYg7dmEjWBcmL,CAN'T SAY,ASTROWORLD,Travis Scott,2018-08-03,198408,81,true,,2025-12-12T20:22:49Z,rap,Cactus Jack / Epic,0.702,0.708,10,-5.366,0,0.0547,0.201,0,0.118,0.713,147.98,4
spotify:track:66z5CuZkqkb18VhFTRwbZk,Hard To Choose One,High Off Life,Future,2020-05-15,193656,73,true,,2025-12-12T20:22:44Z,"rap,trap",Epic/Freebandz,0.884,0.436,10,-9.922,1,0.255,0.011,0,0.101,0.254,119.013,4
spotify:track:51EC3I1nQXpec4gDk0mQyP,90210 (feat. Kacy Hill),Rodeo,Travis Scott;Kacy Hill,2015-09-04,339066,83,true,,2025-12-12T20:22:34Z,rap,Cactus Jack / Epic,0.402,0.527,9,-6.737,0,0.0917,0.113,0.00000848,0.105,0.31,81.42,4
spotify:track:42VsgItocQwOQC3XWZ8JNA,FE!N (feat. Playboi Carti),UTOPIA,Travis Scott;Playboi Carti,2023-07-28,191700,87,true,,2025-12-12T20:22:30Z,"rap,rage rap",Cactus Jack/Epic,0.569,0.882,3,-2.777,0,0.06,0.0316,0,0.142,0.201,148.038,4
spotify:track:6wsqVwoiVH2kde4k4KKAFU,I KNOW ?,UTOPIA,Travis Scott,2023-07-28,211582,82,true,,2025-12-12T20:22:29Z,rap,Cactus Jack/Epic,0.927,0.619,5,-4.441,0,0.0539,0.0186,0,0.104,0.817,117.995,4
spotify:track:3381mcL2uMNC9WnBvcX0fF,FL CLUB,HOB GHADAB,ghassan;zalka,2025-07-04,170434,0,true,,2025-12-09T14:19:04Z,"egyptian hip hop,arabic hip hop,egyptian pop",Ghassan,0.734,0.761,6,-8.421,1,0.295,0.426,0.00000588,0.138,0.351,137.901,4
spotify:track:5joFkrhqUD4DwBqi4fDj36,بتشرب و تجز,بتشرب و تجز,ghassan;Mshrf,2025-07-25,124300,3,true,,2025-12-09T14:10:43Z,"egyptian hip hop,arabic hip hop",Ghassan,0.728,0.744,10,-6.923,1,0.216,0.45,0,0.0766,0.667,149.976,4
spotify:track:4sz6LY4JdwHy07LO2VN8da,KHALAST WALA LESA?,HOB GHADAB,ghassan;zalka,2025-07-04,145454,1,true,,2025-12-09T14:08:41Z,"egyptian hip hop,arabic hip hop,egyptian pop",Ghassan,0.704,0.718,5,-8.202,1,0.207,0.269,0,0.3,0.66,131.978,4
spotify:track:6BuxFLiKktaH8pmMjEXj4P,MADA W TAFTEESH,HOB GHADAB,ghassan;zalka,2025-07-04,134400,0,true,,2025-12-09T14:05:02Z,"egyptian hip hop,arabic hip hop,egyptian pop",Ghassan,0.679,0.61,8,-8.962,1,0.221,0.708,0,0.273,0.574,149.869,4
spotify:track:0IabpxMpUV7waD7U4uDIMJ,Impossible,Rodeo,Travis Scott,2015-09-04,242506,68,true,,2025-12-04T23:04:29Z,rap,Cactus Jack / Epic,0.497,0.465,3,-8.529,0,0.158,0.392,0.0000252,0.603,0.295,147.949,4
spotify:track:5yehuZLs7aNlZiGNKYm7qN,SHAHR BARA EL BEIT,BARA EL BEIT,Begad;EVO,2025-08-12,146779,45,false,,2025-12-04T19:36:12Z,"egyptian hip hop,arabic hip hop,egyptian pop",Drop [Mgmt],0.628,0.524,8,-9.754,0,0.0973,0.476,0.00000298,0.168,0.485,80.02,4
spotify:track:0yjZG3Di1AauOTvYd9I59Y,Grime,Grime,Intomymind;DizzyTooSkinny,2021-11-07,199034,16,false,,2025-12-01T15:09:26Z,"egyptian hip hop,arabic hip hop,egyptian pop",Intomymind,0.722,0.603,0,-7.768,1,0.253,0.0183,0,0.27,0.255,144.984,4
spotify:track:4MPGcYULmdVleHA7LHyApD,Mesh Narcos,Mesh Narcos,One ZizO,2023-04-20,160563,17,false,,2025-11-24T16:27:49Z,"egyptian hip hop,arabic hip hop",One Zizo,0.66,0.537,1,-11.103,1,0.254,0.263,0.00000912,0.315,0.702,142.502,4
spotify:track:2X485T9Z5Ly0xyaghN73ed,Let It Happen,Currents,Tame Impala,2015-07-17,467586,88,false,,2025-11-24T05:33:52Z,"neo-psychedelic,indie",Universal Music Australia Pty. Ltd.,0.602,0.881,1,-5.875,0,0.0443,0.00462,0.0266,0.111,0.577,125.012,4
spotify:track:24YiMPgvmlJIjQsPkTyUgA,Skuda,Skuda,Intomymind;DizzyTooSkinny,2021-11-07,278816,21,false,,2025-11-20T06:45:07Z,"egyptian hip hop,arabic hip hop,egyptian pop",Intomymind,0.735,0.635,0,-8.509,1,0.379,0.0511,0,0.253,0.221,115.951,4
spotify:track:68rHASUc7yXJxJwjrTG7Ac,Pluto,Pluto,Intomymind;DizzyTooSkinny;Afroto,2021-11-07,201230,31,false,,2025-11-20T06:45:03Z,"egyptian hip hop,arabic hip hop,egyptian pop,mahraganat",Intomymind,0.784,0.445,1,-7.811,1,0.0762,0.0391,0,0.193,0.267,130.085,4
spotify:track:28curDlQ8FfZ4nC7P3srLV,VOLT 3ALY,IMPORT//EXPORT,Marwan Moussa,2023-09-03,208000,45,false,,2025-11-20T06:45:01Z,"egyptian hip hop,arabic hip hop,egyptian pop,mahraganat",The Basement Records,0.734,0.656,6,-7.179,0,0.0391,0.102,0,0.118,0.241,115.989,4
spotify:track:3gzS0IW2AZfRuWNrGNapgd,Risk,Risk,DizzyTooSkinny;Omar Keif,2022-06-19,222355,48,false,,2025-11-20T06:44:59Z,"egyptian hip hop,arabic hip hop,egyptian pop,mahraganat",DizzyTooSkinny,0.757,0.629,8,-7.05,0,0.0624,0.0804,0,0.113,0.464,94.99,4
spotify:track:4hm1dpaWye5nKpWR8MA1D7,Geb Felos,Geb Felos,Molotof;Marwan Pablo,2019-08-11,183379,55,false,,2025-11-20T06:44:58Z,"egyptian hip hop,arabic hip hop,egyptian pop,mahraganat",Molotof,0.704,0.506,5,-8.303,0,0.033,0.609,0,0.116,0.304,109.986,4
spotify:track:007JczfMQtT7dG1j7IUaLK,Drogba,Florida,Marwan Moussa,2021-01-01,233000,42,false,,2025-11-20T06:44:55Z,"egyptian hip hop,arabic hip hop,egyptian pop,mahraganat",The Basement Records,0.641,0.369,5,-13.397,0,0.422,0.233,0.000106,0.099,0.551,152.979,4
spotify:track:2GNRfmePF0jpLKYge37MFw,Racore,Racore,Marwan Pablo,2022-05-07,176448,61,false,,2025-11-20T06:44:55Z,"egyptian hip hop,arabic hip hop,egyptian pop,mahraganat",Quality Clique,0.811,0.616,9,-6.664,0,0.0595,0.0383,0,0.139,0.415,115.042,4
spotify:track:5skbVUCQC77Sf034KdQxxY,STR3,STR3,DizzyTooSkinny;Omar Keif,2021-11-21,208248,50,false,,2025-11-20T06:44:54Z,"egyptian hip hop,arabic hip hop,egyptian pop,mahraganat",DizzyTooSkinny,0.473,0.626,2,-9.747,1,0.0867,0.0444,0,0.384,0.172,139.549,4
spotify:track:1gbWRmpD9zkOdAaxcCLUfE,Flosy,Flosy,Intomymind;Shehab;DizzyTooSkinny,2022-12-28,184615,22,false,,2025-11-20T06:44:53Z,"egyptian hip hop,arabic hip hop,egyptian pop,mahraganat",Takwene,0.721,0.515,8,-7.097,1,0.113,0.0413,0,0.302,0.341,130.056,4
spotify:track:76GetA4LfhDewsCepL97e3,Leltak Fol,L Nor (1-3),El Waili;Karim Osama,2023-03-23,209454,21,false,,2025-11-20T06:43:53Z,"egyptian hip hop,arabic hip hop,egyptian pop,mahraganat",WRST Distribution,0.723,0.531,11,-12.043,0,0.179,0.812,0.0000773,0.135,0.134,109.703,4
spotify:track:25b5Wvl3hUqSnirwAqV8xM,Ezzat Hanafy,Maghool Hawia,One ZizO,2024-08-29,159130,19,false,,2025-11-20T06:41:31Z,"egyptian hip hop,arabic hip hop",One Zizo,0.632,0.702,9,-3.764,1,0.238,0.198,0,0.215,0.414,92.005,4
spotify:track:0bf1BnRyYekiVzRqpJHnpa,FOR REAL,FOR REAL,Afroto,2025-10-01,135895,10,false,,2025-11-20T06:27:14Z,"egyptian hip hop,arabic hip hop,mahraganat,egyptian pop",The Basement Records,0.684,0.622,5,-7.724,1,0.0453,0.0499,0,0.0876,0.162,142.038,4
spotify:track:4SpGVbfn9lzl0apa56XLAf,SALAMO 3ALIKOM,3am El Nas,Begad,2023-07-28,117005,0,false,,2025-11-20T06:27:01Z,"egyptian hip hop,arabic hip hop,egyptian pop",Drop [Mgmt],0.698,0.406,8,-8.167,1,0.316,0.0751,0,0.103,0.523,87.732,5
spotify:track:2bsZ9HiU2Krex5PkcA9TvM,Far7et El Marg,Far7et El Marg,El Sawareekh;3ab3az;Begad,2024-06-15,179333,19,false,,2025-11-20T06:26:16Z,"mahraganat,egyptian shaabi,egyptian pop,arabic hip hop,egyptian hip hop",On Air / El Sawareekh,0.567,0.846,4,-5.725,1,0.324,0.385,0,0.466,0.806,180.044,4
spotify:track:3wvsdvuMYCz0HESSw3n03s,GAZAR,3am El Nas,Begad;Abo El Anwar;Motherfunkers,2023-07-28,129840,0,false,,2025-11-20T06:25:10Z,"egyptian hip hop,arabic hip hop,egyptian pop,mahraganat,glitch",Drop [Mgmt],0.672,0.589,7,-9.454,1,0.306,0.0638,0.000539,0.139,0.354,169.98,4
spotify:track:2zNy1dNDhyGOodGITwE6BD,RAMBO,KARTA,Begad;Motherfunkers,2023-03-06,123818,0,false,,2025-11-20T06:23:21Z,"egyptian hip hop,arabic hip hop,egyptian pop,glitch",Drop [Mgmt],0.88,0.682,6,-5.843,1,0.338,0.436,0,0.108,0.909,125.967,4
spotify:track:5CCiDNV0BRFPWWXINLilgW,EL RAYES,EL-RAYES x CR7,Begad;EVO,2023-12-25,144451,0,false,,2025-11-20T06:23:13Z,"egyptian hip hop,arabic hip hop,egyptian pop",Drop [Mgmt],0.786,0.546,10,-7.367,0,0.169,0.0555,0.0000144,0.124,0.608,120.053,4
spotify:track:3tCbMlWa3oIF5LPBAf9C6p,3ASHWA2YAT,3am El Nas,Begad,2023-07-28,145280,0,false,,2025-11-20T06:23:05Z,"egyptian hip hop,arabic hip hop,egyptian pop",Drop [Mgmt],0.521,0.498,10,-8.116,0,0.0477,0.444,0,0.214,0.295,123.255,4
spotify:track:4UxyuxnoP7P88xya0PeHn7,ENTA EL7ALA GATLAK WLA EH?,[LOWL!FE] (PART1),Begad;EVO,2025-01-10,84528,29,false,,2025-11-20T06:17:33Z,"egyptian hip hop,arabic hip hop,egyptian pop",Drop [Mgmt],0.485,0.681,9,-8.923,0,0.344,0.0569,0,0.261,0.691,81.849,4
spotify:track:3Dotzt7LpIqxmMnefiekZ5,MI AMORI,KARTA,Begad;Wingii,2023-03-06,127018,0,false,,2025-11-20T06:16:11Z,"egyptian hip hop,arabic hip hop,egyptian pop,mahraganat",Drop [Mgmt],0.442,0.562,8,-7.929,1,0.271,0.18,0,0.102,0.463,76.834,4
spotify:track:03dHIV0frOYty9ivMaQJ4N,ERZO2NA YA KAREEM,WELAD EL 7ARA,Begad,2024-02-28,158162,32,false,,2025-11-20T06:15:03Z,"egyptian hip hop,arabic hip hop,egyptian pop",Drop [Mgmt],0.707,0.468,11,-11.29,1,0.256,0.507,0,0.0645,0.578,110.03,4
spotify:track:6eblwzvKfAOZQ1pOsmIVBh,روميو و چوليت,روميو و چوليت,3ab3az;Begad,2023-12-08,153287,0,false,,2025-11-20T06:13:39Z,"egyptian hip hop,arabic hip hop,mahraganat,egyptian pop",3ab3az,0.886,0.612,10,-7.779,0,0.139,0.675,0.00819,0.1,0.787,130,4
spotify:track:32txEJwtBBdLXqmBG13oHR,RAYE7 GAI,[LOWL!FE] (PART1),Begad;EVO,2025-01-10,157886,35,false,,2025-11-20T06:09:47Z,"egyptian hip hop,arabic hip hop,egyptian pop",Drop [Mgmt],0.395,0.691,7,-8.832,1,0.353,0.216,0.0000125,0.162,0.167,51.738,4
spotify:track:4J0ruGquQfA39G3GIpoqAB,WAHSHANI WALLAHI,[LOWL!FE] (PART2),Begad,2025-01-17,182223,43,false,,2025-11-20T06:07:43Z,"egyptian hip hop,arabic hip hop,egyptian pop",Drop [Mgmt],0.293,0.339,10,-13.176,0,0.041,0.203,0.0448,0.137,0.3,95.058,4
spotify:track:6Kqj1djs2AAyfvhDVwPDx4,3ashan Ageeb El Bawaki,3ashan Ageeb El Bawaki,Keen;Begad,2025-10-24,105500,30,true,,2025-11-20T06:05:51Z,"egyptian hip hop,arabic hip hop,egyptian pop",Drop [Mgmt],0.71,0.548,8,-5.867,1,0.0794,0.0161,0,0.088,0.176,65.978,4
spotify:track:2CUQvzSR0hrGAEmjNpShrO,LAZEM ARO7 ELBEIT,[LOWL!FE] (PART2),Begad,2025-01-17,118554,45,false,,2025-11-20T06:03:24Z,"egyptian hip hop,arabic hip hop,egyptian pop",Drop [Mgmt],0.602,0.696,11,-8.544,0,0.162,0.0903,0.00048,0.147,0.439,166.002,1
spotify:track:2Q7FElJ0qWZUUL0QeQh3hE,3ALA 7SABY,[LOWL!FE] (PART2),Begad,2025-01-17,165000,41,false,,2025-11-20T05:57:42Z,"egyptian hip hop,arabic hip hop,egyptian pop",Drop [Mgmt],0.725,0.527,10,-9.319,0,0.0717,0.304,0.000114,0.382,0.146,128.002,4
spotify:track:6K4t31amVTZDgR3sKmwUJJ,The Less I Know The Better,Currents,Tame Impala,2015-07-17,216320,92,true,,2025-11-20T04:42:00Z,"neo-psychedelic,indie",Universal Music Australia Pty. Ltd.,0.64,0.74,4,-4.083,1,0.0284,0.0115,0.00678,0.167,0.785,116.879,4
spotify:track:1IYrnykXwYmco4bHYfZhDn,BENT EL NAS,BENT EL NAS,Mohaimen;Begad,2025-05-16,170434,35,false,,2025-11-19T09:40:48Z,"egyptian hip hop,arabic hip hop,egyptian pop",B-62,0.441,0.487,0,-8.991,1,0.0317,0.262,0.0000725,0.203,0.053,138.034,4
spotify:track:6PSBXl2tBkNZtib3XYxYIP,FARACHA ZAR2A,FARACHA ZAR2A,Begad,2025-10-01,177600,37,false,,2025-11-19T02:14:36Z,"egyptian hip hop,arabic hip hop,egyptian pop",Drop [Mgmt],0.615,0.542,8,-8.535,0,0.46,0.266,0.000291,0.0945,0.559,199.639,4
spotify:track:6SGiOtdoFbpBlW7yg9thuK,EL-INSAN KARAMA,BARA EL BEIT,Begad;EVO,2025-08-12,124750,41,false,,2025-11-19T01:53:38Z,"egyptian hip hop,arabic hip hop,egyptian pop",Drop [Mgmt],0.621,0.554,9,-8.077,0,0.2,0.819,0.00000325,0.108,0.494,76.008,4
spotify:track:5CSyfzknOYy3J5kVkcqo8T,HOWA ENTO BT7SBOHA EZAY,BARA EL BEIT,Begad,2025-08-12,155968,43,false,,2025-11-19T01:50:55Z,"egyptian hip hop,arabic hip hop,egyptian pop",Drop [Mgmt],0.737,0.562,6,-6.905,1,0.0742,0.563,0,0.136,0.332,127.848,4
spotify:track:7q0jUZnRNI8cZCnnEDMn9J,AKHER EL-YOUM,BARA EL BEIT,Begad;EVO,2025-08-12,152754,43,false,,2025-11-19T01:47:28Z,"egyptian hip hop,arabic hip hop,egyptian pop",Drop [Mgmt],0.396,0.46,2,-12.01,1,0.204,0.742,0.000211,0.164,0.326,179.166,4
spotify:track:7GAFRENGXTonmt6DwYyR5q,DONVITOCORLEONE,BARA EL BEIT,Begad;EVO,2025-08-12,118000,47,false,,2025-11-19T01:45:08Z,"egyptian hip hop,arabic hip hop,egyptian pop",Drop [Mgmt],0.47,0.571,11,-11.582,0,0.423,0.576,0.00246,0.121,0.363,90.235,4
spotify:track:0tXbC5pExBG0xeEh0WQ5BH,INSAN,INSAN,Begad;Mond,2025-07-02,194582,49,false,,2025-11-19T01:38:52Z,"egyptian hip hop,arabic hip hop,egyptian pop,mahraganat",Drop [Mgmt],0.727,0.444,4,-10.682,0,0.0726,0.718,0.0000147,0.0989,0.388,131.881,4
spotify:track:5MkUhjCJNuwk4ByhtQE4Hp,Solo,Solo,Meno Zein,2020-12-27,163798,8,false,,2025-11-19T01:36:30Z,"egyptian hip hop,arabic hip hop,egyptian pop",The Basement Records,0.696,0.699,1,-6.362,1,0.324,0.389,0,0.1,0.295,142.648,4
spotify:track:7ayt7dDD8PQoAh8TzK3T2n,Baeed Hesabaty,Maghool Hawia,One ZizO,2024-08-29,211970,16,false,,2025-11-18T19:10:08Z,"egyptian hip hop,arabic hip hop",One Zizo,0.775,0.654,6,-6.356,0,0.338,0.282,0,0.085,0.581,91.157,5
spotify:track:0691PqDROjcMr8TyRP74Be,Msh Gaya M3ako,Msh Gaya M3ako,Mr Kordy;Hesham Raptor;Ali Cj,2024-07-18,253333,19,true,,2025-11-17T02:33:55Z,"egyptian hip hop,arabic hip hop,mahraganat,egyptian pop",Takwene,0.758,0.519,2,-10.828,1,0.239,0.527,0,0.126,0.495,143.961,4
spotify:track:3nEfVZ32UAPofVTFDEFVTe,Drama (feat. R3),Drama (feat. R3),Arsenik;R3,2020-10-14,152620,32,true,,2025-11-17T02:32:56Z,"egyptian hip hop,arabic hip hop,egyptian pop,mahraganat,big band,christian jazz",WinWay,0.836,0.755,1,-10.514,0,0.264,0.2,0,0.162,0.48,139.903,4
spotify:track:4e2VUPlAzbvD1lK0Q3JDeq,HNFGR,HNFGR,Arsenik,2024-07-31,184633,42,false,,2025-11-17T02:28:48Z,"egyptian hip hop,arabic hip hop,egyptian pop,mahraganat",Arsenik,0.897,0.524,1,-6.323,1,0.0789,0.0105,0,0.132,0.328,130.064,4
spotify:track:4XJVwELcAQ6UxYSexeGsiW,BBLŞH,PRJKTBLUBEAM,Marwan Pablo,2024-08-15,132003,42,false,,2025-11-17T02:10:04Z,"egyptian hip hop,arabic hip hop,egyptian pop,mahraganat",Quality Clique,0.702,0.559,8,-9.558,1,0.13,0.269,0.00199,0.144,0.494,90.004,4
spotify:track:3d7rmWQj2AaH81tdD2qrRB,BŃŅIT,PRJKTBLUBEAM,Marwan Pablo,2024-08-15,151021,43,false,,2025-11-17T02:10:03Z,"egyptian hip hop,arabic hip hop,egyptian pop,mahraganat",Quality Clique,0.76,0.659,4,-8.23,0,0.18,0.419,0.0000096,0.107,0.372,169.905,4
spotify:track:026wpXkLAjImiWOzzcJBHj,Good Looking,Good Looking,Suki Waterhouse,2022-08-18,214800,87,false,,2025-11-13T01:36:25Z,,Sub Pop Records,0.358,0.557,4,-9.076,1,0.03,0.0794,0.00035,0.125,0.272,150.108,3
spotify:track:2qpacEyFxmbxCpIEqZkqvC,You Are the Right One,Naked All the Time,Sports,2015-07-24,172506,79,false,,2025-11-13T01:35:20Z,,Sports,0.659,0.594,4,-8.494,0,0.0261,0.162,0.846,0.632,0.851,100.033,4
spotify:track:0VF7YLIxSQKyNiFL3X6MmN,Stargazing,Chip Chrome & The Mono-Tones (Deluxe),The Neighbourhood,2020-12-11,217026,72,false,,2025-11-13T01:27:14Z,,Columbia,0.512,0.483,0,-7.798,1,0.0298,0.00304,0.0011,0.12,0.367,160.009,4
spotify:track:7wBJfHzpfI3032CSD7CE2m,STARGAZING,ASTROWORLD,Travis Scott,2018-08-03,270714,77,true,,2025-11-08T23:21:55Z,rap,Cactus Jack / Epic,0.487,0.789,8,-3.69,1,0.044,0.00947,0.00000405,0.189,0.0564,150.007,4
spotify:track:1N4WFXhgmkrTRxK0X7R90u,Hunnids,Local Mvp,Sainté,2021-01-06,166000,63,false,,2025-11-08T23:18:52Z,uk drill,YSM collective,0.776,0.464,8,-11.044,0,0.0553,0.79,0.000521,0.109,0.52,129.07,4
spotify:track:07fNxq0gkGFZpAYCTd0v2A,a good man with a broken heart,a good man with a broken heart,LoVibe.,2025-05-12,118695,70,false,,2025-10-22T17:06:45Z,,Topspot Records,0.812,0.6,0,-5.546,1,0.114,0.394,0.822,0.102,0.0544,91.791,4
spotify:track:62Da3JOu9H9EIgmqV7DoLG,Lux Aeterna,Requiem for a Dream / OST,Clint Mansell;Kronos Quartet,2000,234400,64,false,,2025-10-21T22:05:04Z,"soundtrack,score,minimalism,contemporary classical,avant-garde",Nonesuch,0.38,0.246,7,-13.955,0,0.0329,0.872,0.905,0.084,0.0573,133.805,4
spotify:track:2nLeVfLE8t3hzHhXkZ6Ez2,La Câlin,La Câlin,Serhat Durmus,2017-04-10,172008,1,false,,2025-10-21T22:02:39Z,,Serhat Durmus,0.598,0.439,2,-10.987,1,0.0429,0.0879,0.868,0.103,0.0673,147.84,4
spotify:track:6tDDoYIxWvMLTdKpjFkc1B,telepatía,Sin Miedo (del Amor y Otros Demonios) ∞,Kali Uchis,2020-12-04,160191,87,false,,2025-10-21T16:14:36Z,,EMI / Interscope,0.653,0.524,11,-9.016,0,0.0502,0.112,0,0.203,0.553,83.97,4
spotify:track:0ZFQxmNIOj03o7OMaiPcVX,Alternative Outro,Alternative Trap,LUCKI,2013-02-25,290063,70,true,,2025-10-15T20:09:25Z,cloud rap,Lucki Eck$,0.287,0.442,11,-12.956,1,0.0422,0.911,0.000444,0.349,0.164,116.009,4
spotify:track:0iUZ8B9rwwu7YhXDq9xsoC,انا عايش وسط مدمنين,انا عايش وسط مدمنين,ZIAD ZAZA,2025-03-29,213600,36,false,,2025-10-12T22:58:10Z,"egyptian hip hop,arabic hip hop,egyptian pop,mahraganat",Global,0.676,0.801,6,-2.506,1,0.0844,0.447,0,0.235,0.615,99.968,4
spotify:track:339xW7VUrZEtBpvc4wSlqg,GABOLNA HKOMA,525,ZIAD ZAZA;ZIEN4L;5mstashr,2024-05-25,123310,50,false,,2025-10-12T22:57:50Z,"egyptian hip hop,arabic hip hop,egyptian pop,mahraganat",Global,0.604,0.786,6,-3.979,0,0.273,0.25,0,0.221,0.473,93.684,4
spotify:track:2Mv3lhZmdcCFjSWpMKf70i,MAREED,SAN STEFANO,Afroto,2022-06-09,216710,42,false,,2025-10-12T01:14:35Z,"egyptian hip hop,arabic hip hop,mahraganat,egyptian pop",The Basement Records,0.82,0.513,1,-10.434,1,0.0988,0.426,0,0.0794,0.585,152.016,4
spotify:track:1x7Ph4JtQcbCXUScvRPqIe,Star,Star,Arsenik,2022-02-02,199565,47,false,,2025-10-12T01:14:05Z,"egyptian hip hop,arabic hip hop,egyptian pop,mahraganat",Arsenik,0.758,0.536,10,-11.103,0,0.224,0.407,0.00000203,0.0996,0.59,118.071,4
spotify:track:5ZG3gkn9Xlw7bMJ1He51YI,El Hob Fein,CTRL,Marwan Pablo,2021-03-29,163352,53,false,,2025-10-12T01:14:04Z,"egyptian hip hop,arabic hip hop,egyptian pop,mahraganat",Quality Clique,0.753,0.289,5,-17.709,0,0.0642,0.094,0.000393,0.0975,0.318,97,4
spotify:track:6oU2lMYOtnoqCXlFGFCsfs,Talata Zayaha,Beyt El Ro3b,Abyusif;Abo El Anwar,2023-02-15,207789,56,false,,2025-10-12T01:13:00Z,"egyptian hip hop,arabic hip hop,egyptian pop,mahraganat",Abyusif,0.627,0.45,4,-11.047,0,0.0884,0.746,0,0.0896,0.399,149.982,4
spotify:track:7FeflOB46MGCh7Wzj1JuOW,Wala Yehemak,6 Shohour,Lege-Cy,2025-06-10,118695,47,false,,2025-10-12T01:12:57Z,"egyptian hip hop,arabic hip hop,egyptian pop",AWAL,0.477,0.766,5,-6.07,0,0.405,0.501,0.000034,0.237,0.566,91.943,4
spotify:track:5Wey1olhqWorzcFEoQifcQ,FAWATER EL 3ETAB,الرجل الذي فقد قلبه,Marwan Moussa,2025-05-05,217000,50,false,,2025-10-12T01:12:54Z,"egyptian hip hop,arabic hip hop,egyptian pop,mahraganat",Universal Arabic Music,0.659,0.422,10,-13.571,0,0.125,0.909,0.000661,0.215,0.677,109.905,4
spotify:track:3PpxVjPUBNzCIvmE74mrYB,السر,السر,Muhabspam;Mond,2024-08-13,272509,1,false,,2025-10-12T01:12:48Z,"egyptian hip hop,arabic hip hop,egyptian pop,mahraganat",Molla Music Group,0.644,0.383,3,-11.722,0,0.0587,0.334,0,0.134,0.352,83.918,4
spotify:track:4hV9IV7yL2POj8XfVdqclE,Aadi,Aadi,Al Nather;Shabjdeed,2018-08-11,221857,52,true,,2025-10-12T01:12:43Z,"arabic hip hop,egyptian hip hop",BLTNM,0.812,0.485,8,-10.676,1,0.0571,0.375,0.000978,0.131,0.309,132.067,4
spotify:track:3PM8bsIAddafAGl8FZ2Wg9,Ya Salam - El Waili Remix,Ya Salam (El Waili Remix),El Waili;Marwan Moussa,2022-02-20,253908,37,false,,2025-10-12T01:12:40Z,"egyptian hip hop,arabic hip hop,egyptian pop,mahraganat",WRST Distribution,0.535,0.409,8,-9.796,1,0.275,0.729,0,0.109,0.566,174.224,4
spotify:track:2Biyy9gUQu9K5MU9u9om7u,Rez2Y,Origins: قبل انتفاضة,Mond,2023-03-20,178611,0,false,,2025-10-12T01:12:35Z,"egyptian hip hop,arabic hip hop,egyptian pop,mahraganat",Muhab,0.523,0.237,8,-15.461,1,0.0412,0.746,0,0.132,0.478,171.887,4
spotify:track:48KC16B0dDdO53p6PIWUFz,Wish,Wish,Mandou;Marwan Pablo,2019-05-13,188343,0,true,,2025-10-12T01:11:58Z,"egyptian hip hop,arabic hip hop,egyptian pop,mahraganat",Mandou,0.78,0.416,9,-9.867,0,0.0505,0.432,0.0000022,0.104,0.13,119.993,4
spotify:track:4DMwj1KxbamK09yfRDXCOo,LEMAZA,EN7RAF,Marwan Pablo,2025-04-03,126614,47,false,,2025-10-12T01:11:49Z,"egyptian hip hop,arabic hip hop,egyptian pop,mahraganat",Quality Clique,0.535,0.491,4,-9.824,1,0.0299,0.000117,0,0.372,0.125,126.942,4
spotify:track:2v18XFwRjshiH0iugxq6wx,ATTA3,MAGNÜN,Lella Fadda;Abyusif,2025-01-24,149000,46,false,,2025-10-12T01:11:46Z,"egyptian hip hop,arabic hip hop,egyptian pop,mahraganat",Abu Recordings,0.801,0.66,5,-7.381,1,0.0634,0.124,0.0000474,0.271,0.841,111.045,4
spotify:track:0w3CE6Zu4zqkMpZLekSzLs,AL ARBA3,AL ARBA3,Marwan Pablo,2024-06-19,200772,46,false,,2025-10-12T01:11:38Z,"egyptian hip hop,arabic hip hop,egyptian pop,mahraganat",Quality Clique,0.608,0.614,8,-7.988,1,0.296,0.715,0.0000205,0.0898,0.438,170.027,4
spotify:track:40DTsnSshEZcI1haPqGo83,Restart,Restart,Intomymind;DizzyTooSkinny;Big Moe,2022-08-01,136006,12,false,,2025-10-12T01:11:35Z,"egyptian hip hop,arabic hip hop,egyptian pop",Intomymind,0.594,0.592,11,-8.397,0,0.298,0.196,0,0.111,0.737,144.666,4
spotify:track:5uwxUgvc7YMESf745i8wyx,BONO,EN7RAF,Marwan Pablo,2025-04-03,113142,55,false,,2025-10-12T01:11:33Z,"egyptian hip hop,arabic hip hop,egyptian pop,mahraganat",Quality Clique,0.681,0.665,1,-6.482,0,0.0355,0.0195,0.000156,0.0828,0.156,140.067,4
spotify:track:1wXHWJcCuFMZv9NT6raayk,Jaw Ard,Jaw Ard (Explicit Version),Molotof;Shabjdeed,2023-01-12,232060,48,true,,2025-10-12T01:11:13Z,"egyptian hip hop,arabic hip hop,egyptian pop,mahraganat",Molowave,0.572,0.555,2,-8.603,0,0.0426,0.597,0.005,0.12,0.127,106.037,4
spotify:track:6zhY6n7mfAnCW5zzmV6EX8,GHANIMA,EN7RAF,Marwan Pablo,2025-04-03,114626,50,true,,2025-10-12T01:10:50Z,"egyptian hip hop,arabic hip hop,egyptian pop,mahraganat",Quality Clique,0.362,0.625,8,-5.572,1,0.0409,0.00123,0.00000244,0.245,0.221,93.014,5
spotify:track:641KAqGlHS7CH0wCrhh0Ir,Stop - Magnolia,Sonseyat,Husayn;FL EX,2022-03-17,161541,47,true,,2025-10-12T01:09:36Z,"egyptian hip hop,arabic hip hop,mahraganat,egyptian pop",Maadi Town Mafia,0.747,0.465,1,-14.081,1,0.355,0.612,0,0.113,0.616,143.068,4
spotify:track:3cG9MrELvmylovHvtVNLkF,Freedom Music: Scene Cypher 3,Freedom Music: Scene Cypher 3,Wingii;FL EX;Husayn;Tommy Gun,2022-12-30,244864,52,true,,2025-10-12T01:07:36Z,"egyptian hip hop,arabic hip hop,mahraganat,egyptian pop",Kord,0.676,0.448,9,-10.781,1,0.431,0.348,0,0.11,0.356,147.993,4
spotify:track:1IiDvZtAgkNHsjgowc42eT,Ansak Wansahom,El Kebir,Wingii;Husayn,2022-03-02,181714,41,false,,2025-10-12T01:07:08Z,"egyptian hip hop,arabic hip hop,mahraganat,egyptian pop",Maadi Town Mafia,0.776,0.364,9,-11.111,0,0.0759,0.659,0.00426,0.113,0.48,129.029,4
spotify:track:5CTXFh5o4qpiXZeM1jxTBk,Zee3,Star,Wingii;ZIAD ZAZA,2022-09-13,161142,38,true,,2025-10-12T01:06:57Z,"egyptian hip hop,arabic hip hop,mahraganat,egyptian pop",Maadi Town Mafia,0.669,0.623,8,-8.998,1,0.32,0.413,0,0.262,0.534,143.963,4
spotify:track:13CV3gU68sljNILYjjaIBR,Khamsa,Star,Wingii;FL EX,2022-09-13,138857,48,false,,2025-10-12T01:05:26Z,"egyptian hip hop,arabic hip hop,mahraganat,egyptian pop",Maadi Town Mafia,0.805,0.666,7,-10.741,1,0.36,0.3,0.00000529,0.613,0.502,142.974,4
spotify:track:4WKcS5bpZNwg31wcGpO2o0,فيدا لوكا - Vida Loca,مانجيستو (Mangesto),Wingii,2023-08-25,119629,35,false,,2025-10-12T01:05:14Z,"egyptian hip hop,arabic hip hop,mahraganat,egyptian pop",Sony Music Entertainment,0.734,0.598,10,-10.951,0,0.181,0.56,0.00102,0.127,0.469,144.991,4
spotify:track:6Ko6eF0dtw3v8Ab1GAe5J3,SHAMROUKH,SHAMROUKH,ZIAD ZAZA;Donia Wael;Ismail Nosrat,2023-12-15,122142,37,false,,2025-10-12T01:00:00Z,"egyptian hip hop,arabic hip hop,egyptian pop,mahraganat",Sony Music Entertainment,0.661,0.863,4,-6.154,0,0.26,0.083,0.000149,0.223,0.307,139.975,4
spotify:track:71IEJimDjBACxgZKRCDc1D,Leh Betaeday2,Leh Betaeday2,El Waili;ZIAD ZAZA,2022-12-26,139634,20,false,,2025-10-12T00:58:55Z,"egyptian hip hop,arabic hip hop,egyptian pop,mahraganat",WRST Distribution,0.737,0.54,2,-8.037,1,0.125,0.685,0.00148,0.208,0.149,125.055,4
spotify:track:1KEEwjNBFWkmjvcJWNWvb1,3ALWAD3,3ALWAD3,ZIAD ZAZA,2022-07-08,161977,22,false,,2025-10-12T00:55:59Z,"egyptian hip hop,arabic hip hop,egyptian pop,mahraganat",Global,0.432,0.666,8,-8.955,1,0.306,0.624,0.00000145,0.13,0.481,140.786,4
spotify:track:1sX97oH0899b9NiUO5uPBN,Bent El Eh,Bent El Eh,ZIAD ZAZA;5mstashr,2024-02-13,214588,46,false,,2025-10-12T00:54:11Z,"egyptian hip hop,arabic hip hop,egyptian pop,mahraganat",Global,0.644,0.547,2,-5.571,0,0.0421,0.44,0.00227,0.264,0.263,84.994,4
spotify:track:4iM0g2we2znyoPBSKHR2Be,EZNAB,El Rayes,ZIAD ZAZA,2022-11-18,171428,23,false,,2025-10-12T00:53:05Z,"egyptian hip hop,arabic hip hop,egyptian pop,mahraganat",Global,0.473,0.743,11,-8.89,0,0.159,0.0958,0.00243,0.25,0.447,139.523,4
spotify:track:46yaGCf8xqfScDoqmwDfzv,7een Maysara - Remix,7een Maysara,Molotof;Marwan Pablo,2022-05-17,195692,47,true,,2025-10-10T23:33:14Z,"egyptian hip hop,arabic hip hop,egyptian pop,mahraganat",Molotof,0.764,0.459,5,-9.698,0,0.0349,0.433,0.00552,0.0939,0.24,129.972,4
spotify:track:7B5bU1o9ReQz0J8R7y8FYh,7een Maysara,7een Maysara,Molotof,2022-05-17,192000,36,true,,2025-10-10T23:33:13Z,"egyptian hip hop,arabic hip hop,egyptian pop,mahraganat",Molotof,0.662,0.745,0,-7.906,1,0.0332,0.0387,0.36,0.111,0.404,129.972,4
spotify:track:4kZynjV6Z9L4C8UX1NC45J,DAWALEEB,MA3KOOS,HADY MOAMER;Marwan Pablo,2024-10-17,161509,45,false,,2025-10-10T21:18:45Z,"egyptian hip hop,arabic hip hop,egyptian pop,mahraganat",Leqleem,0.68,0.744,1,-9.601,0,0.159,0.0616,0.000016,0.202,0.761,156.014,4
spotify:track:3vVcm3qgO0TsLZvfCZ3ucE,KARRETA SARREFA,KARRETA SARREFA,ZIAD ZAZA,2022-05-01,130078,38,false,,2025-10-10T11:58:58Z,"egyptian hip hop,arabic hip hop,egyptian pop,mahraganat",Global,0.504,0.649,7,-9.358,0,0.334,0.414,0.000104,0.145,0.727,100.231,3
spotify:track:39Eoludzivfi8yPaM3BciJ,BENT LAZINA,El Rayes,ZIAD ZAZA,2022-11-18,170476,30,false,,2025-10-10T11:58:52Z,"egyptian hip hop,arabic hip hop,egyptian pop,mahraganat",Global,0.691,0.487,10,-10.909,0,0.0874,0.185,0.0000247,0.186,0.223,125.83,4
spotify:track:6ifVRaoFyyup4ytCDAJ0qd,5 BS B ELHOB,El Rayes,ZIAD ZAZA;5mstashr,2022-11-18,141750,39,false,,2025-10-10T11:58:50Z,"egyptian hip hop,arabic hip hop,egyptian pop,mahraganat",Global,0.56,0.704,0,-7.645,1,0.266,0.496,0.0053,0.539,0.432,139.93,4
spotify:track:4RDT30Zpno9bEWSkIHAxwU,DAYRA,El Rayes,ZIAD ZAZA;5mstashr,2022-11-18,131999,43,false,,2025-10-10T11:58:49Z,"egyptian hip hop,arabic hip hop,egyptian pop,mahraganat",Global,0.631,0.658,6,-7.625,1,0.178,0.177,0,0.152,0.51,139.74,4
spotify:track:6daLhyFqw7YINE6AmWtESU,ZAZA,El Rayes,ZIAD ZAZA,2022-11-18,150437,38,false,,2025-10-10T11:58:48Z,"egyptian hip hop,arabic hip hop,egyptian pop,mahraganat",Global,0.577,0.711,0,-4.174,0,0.472,0.514,0,0.248,0.771,90.693,5
spotify:track:73jhH0HcEGBJkkktyvaYoZ,DEALERAT MOKHDRAT,El Rayes,ZIAD ZAZA;5mstashr,2022-11-18,179845,21,false,,2025-10-10T11:58:47Z,"egyptian hip hop,arabic hip hop,egyptian pop,mahraganat",Global,0.686,0.564,3,-7.129,0,0.293,0.459,0.00181,0.118,0.35,140.062,4
spotify:track:1fgU43Ln9aByhg4kZpTJnX,BASHA,BASHA,ZIAD ZAZA,2023-02-24,153802,30,false,,2025-10-10T11:58:12Z,"egyptian hip hop,arabic hip hop,egyptian pop,mahraganat",Global,0.587,0.656,9,-8.237,1,0.408,0.34,0,0.126,0.794,142.276,4
spotify:track:1mIR4JZJqvkcWdbkpeji44,ENT BTRSHD,525,ZIAD ZAZA;Omar Keif,2024-05-25,196258,42,false,,2025-10-10T11:57:14Z,"egyptian hip hop,arabic hip hop,egyptian pop,mahraganat",Global,0.504,0.641,2,-8.482,1,0.117,0.285,0.00739,0.163,0.168,75.855,4
spotify:track:6I1Nu4OyIr7xnja8tAOBGf,PAGHIIIIIIIIIIZ,PAGHIIIIIIIIIIZ,ZIAD ZAZA,2024-04-09,142585,29,false,,2025-10-10T11:54:44Z,"egyptian hip hop,arabic hip hop,egyptian pop,mahraganat",Global,0.735,0.499,9,-8.641,0,0.0452,0.027,0.000911,0.188,0.195,135.949,4
spotify:track:4V7ciLn5HTUiAlUs5SAOYb,,,,0,0,0,false,,2025-10-10T11:54:14Z,,,0.6,0.866,9,-7.208,1,0.296,0.0218,0.000466,0.875,0.658,142.005,4
spotify:track:5uu1zOBYu3aKOHHfONoUe1,أهلاوي و ابن أهلاوي (الاهلي x ريميولا),أهلاوي و ابن أهلاوي (الاهلي x ريميولا),Shell Egypt;ZIAD ZAZA;Tarek El Sheikh;Ismail Nosrat,2025-10-05,114311,17,true,,2025-10-10T11:50:40Z,"mahraganat,egyptian hip hop,arabic hip hop,egyptian pop,egyptian shaabi",Beatroot Records,0.783,0.78,6,-5.609,0,0.0533,0.357,0,0.114,0.61,115.067,4
spotify:track:7dlcdKBhZfmK7GrMRIQJid,WALA MEEN,WALA MEEN,ZIAD ZAZA;Ismail Nosrat;Lege-Cy,2025-07-02,192972,68,false,,2025-10-10T11:48:41Z,"egyptian hip hop,arabic hip hop,egyptian pop,mahraganat",Global,0.69,0.942,2,-3.328,0,0.0572,0.148,0.0000124,0.0614,0.51,110.97,4
spotify:track:2So4UdTcMQe2ap2VpC43eD,Meen Ysadak,Meen Ysadak,nour;Eldab3,2024-11-16,186666,64,false,,2025-10-08T20:20:15Z,"egyptian hip hop,arabic hip hop,egyptian pop,mahraganat",Global,0.406,0.342,1,-12.545,1,0.0523,0.161,0.746,0.122,0.0362,179.897,4
spotify:track:26PEUn97ChQKSJU2USedP5,YA MAGNON,El Rayes,ZIAD ZAZA,2022-11-18,137622,24,false,,2025-10-08T19:57:14Z,"egyptian hip hop,arabic hip hop,egyptian pop,mahraganat",Global,0.604,0.756,2,-5.109,1,0.32,0.712,0,0.691,0.75,102.727,1
spotify:track:4llSXlOfqesFjhnLazIpxd,ANA ESMY ZIAD ZAZA,ANA ESMY ZIAD ZAZA,ZIAD ZAZA;Omar Keif,2025-08-31,133641,53,true,,2025-10-08T19:57:00Z,"egyptian hip hop,arabic hip hop,egyptian pop,mahraganat",Global,0.839,0.679,4,-4.15,0,0.295,0.0999,0,0.0888,0.714,131.963,4
spotify:track:1xzBco0xcoJEDXktl7Jxrr,Mo Bamba,MUDBOY,Sheck Wes,2018-10-05,183906,77,true,,2025-10-04T10:42:29Z,,Cactus Jack Records/ G.O.O.D. Music/ Interscope Records,0.729,0.625,4,-5.266,1,0.0315,0.194,0.00986,0.248,0.261,146.034,4
spotify:track:5oTSEy027Owirj7BDTZ1lt,EGYPTIAN KING,EGYPTIAN KING,One ZizO,2025-06-02,213333,20,false,,2025-09-30T08:15:26Z,"egyptian hip hop,arabic hip hop",One Zizo,0.521,0.613,2,-8.678,1,0.295,0.359,0,0.197,0.625,85.439,4
spotify:track:1i8W0LhRASKjEm3zh9bALi,Nesr El Arab,Nesr El Arab,One ZizO,2024-04-09,240000,25,false,,2025-09-30T08:12:54Z,"egyptian hip hop,arabic hip hop",One Zizo,0.737,0.503,10,-7.897,0,0.355,0.42,0.00000256,0.115,0.46,86.68,4
spotify:track:36mpzLKAc52NvxFucRwEXV,نسينا ومحلفناش,نسينا ومحلفناش,ZIAD ZAZA,2024-02-13,140548,50,false,,2025-09-29T20:30:17Z,"egyptian hip hop,arabic hip hop,egyptian pop,mahraganat",Global,0.724,0.499,5,-13.22,0,0.11,0.607,0.000146,0.143,0.368,110.155,4
spotify:track:0o9g90ucYD4Quisfnm9uyE,mafhashmafhash,MATADOR,Marwan Moussa,2025-08-28,141250,45,false,,2025-09-29T00:32:40Z,"egyptian hip hop,arabic hip hop,egyptian pop,mahraganat",The Basement Records,0.84,0.531,2,-7.956,1,0.0585,0.823,0.287,0.159,0.778,120.073,4
spotify:track:4NeZ7w5jZezntwgohYqIvi,"Comptine d'un autre été: l'Après-midi (from ""Amélie"")",4 Soundtracks,Jacob's Piano,2017-04-10,146000,46,false,,2025-09-28T23:48:23Z,,Jacob's Piano,0.479,0.0764,7,-23.448,1,0.0325,0.988,0.918,0.0789,0.118,98.178,4
spotify:track:3Vji5BYcceyvEOBNCHsVrx,"The 4 Seasons: Violin Concerto in F minor, Op. 8, No. 4, RV 297, ""L'inverno"" (Winter): I. Allegro non molto","Vivaldi, A.: The 4 Seasons / Sinfonias, Rv 112, 132, 149 and 169",Karoly Botvay,1996-01-01,209106,39,false,,2025-09-23T20:13:00Z,"classical,baroque",Capriccio,0.445,0.101,5,-25.103,0,0.0555,0.814,0.576,0.0817,0.339,150.515,4
spotify:track:1DfGPEHxTYeaJpiNA4xUb5,Für Elise,Classical Best Of,Ludwig van Beethoven,2009-03-01,173000,61,false,,2025-09-23T20:04:10Z,"classical,classical piano,chamber music,concerto",Big Eye Music,0.25,0.0163,9,-36.423,0,0.0442,0.995,0.899,0.0767,0.306,144.193,3
spotify:track:3RiPr603aXAoi4GHyXx0uy,Hymn for the Weekend,A Head Full of Dreams,Coldplay,2015-12-04,258266,87,false,,2025-09-23T16:20:18Z,,Parlophone UK,0.491,0.693,0,-6.487,0,0.0377,0.211,0.00000692,0.325,0.412,90.027,4
spotify:track:7Lv78wiIJcKgND9Zi7AIOt,Fall Into Me,Fall Into Me,Forest Blakk,2021-09-24,226066,60,false,,2025-09-22T21:35:05Z,spoken word,Atlantic Records,0.45,0.483,2,-6.754,1,0.0572,0.179,0,0.127,0.206,118.305,4
spotify:track:50PVimLiwcadbuJjWM2Qql,Abdo Mota,ايه يا اخواتي يا كبار,Mahib Sleat;FAHMY,2025-08-07,134522,6,true,,2025-09-21T00:06:14Z,"egyptian hip hop,arabic hip hop,mahraganat,egyptian pop",Mahib Sleat,0.68,0.756,1,-5.477,1,0.063,0.000724,0.00013,0.327,0.164,156.899,4
spotify:track:5msTV0CyhgjT6YcXOW1RWr,Request Refused,East Memphis Maniac,Xavier Wulf,2018-07-26,150943,55,true,,2025-09-18T15:31:41Z,"cloud rap,underground hip hop,emo rap",The Hollow Squad,0.946,0.88,8,-7.044,0,0.302,0.0706,0,0.0705,0.917,135.014,4
spotify:track:3Ydwbd3REFlpWIEhCNI6fC,Simply Falling,Say Yes,Iyeoka,2010-11-09,238720,65,false,,2025-09-14T23:10:17Z,,Underground Sun,0.779,0.491,11,-7.351,0,0.036,0.276,0.000337,0.0995,0.542,111.995,4
spotify:track:5lYLBAH2uSvERWy8GAcBJz,SAD GIRLZ LUV MONEY Remix (feat. Kali Uchis and Moliy) - Slowed + Reverb,SAD GIRLZ LUV MONEY Remix (feat. Kali Uchis and Moliy) [Slowed + Reverb],Amaarae;Kali Uchis;MOLIY;xxtristanxo,2021-09-16,138646,65,true,,2025-09-13T17:30:29Z,"alté,afrobeats,afro r&b",0207 Def Jam,0.774,0.579,10,-6.2,0,0.0699,0.343,0,0.131,0.418,92.399,4
spotify:track:1otG6j1WHNvl9WgXLWkHTo,"After The Storm (feat. Tyler, The Creator & Bootsy Collins)",Isolation,"Kali Uchis;Tyler, The Creator;Bootsy Collins",2018-04-06,207454,83,false,,2025-09-13T17:17:30Z,funk,EMI,0.702,0.659,4,-6.766,0,0.13,0.301,0.00201,0.218,0.843,79.64,4
spotify:track:2i2gDpKKWjvnRTOZRhaPh2,Moonlight,Moonlight,Kali Uchis,2023-02-24,187557,78,false,,2025-09-13T17:17:19Z,,Geffen Records,0.64,0.719,7,-6.452,0,0.0516,0.477,0,0.16,0.889,136.79,4
spotify:track:2TBizp5gIGryZB9yLQyNba,nights like this - slowed,nights like this (slowed),fedo DJ;ciaffa,2025-09-02,101894,42,false,,2025-09-13T15:27:24Z,,Caelure Records,0.533,0.369,3,-10.912,1,0.0355,0.113,0.551,0.111,0.039,118.206,4
spotify:track:5KfeDDugKa2tHKeYF9Ydfs,Illusion,Illusion,Gakuen,2024-02-09,142428,0,false,,2025-09-13T15:02:50Z,,Gakuen,0.545,0.562,10,-16.907,0,0.0449,0.488,0.92,0.104,0.375,114.947,4
spotify:track:5vMTfupz6z7wlNiz0xVb4j,"It's A Man's, Man's, Man's World - Single Version / Mono",The 50th Anniversary Collection,James Brown,2003-01-01,166693,62,false,,2025-09-13T13:05:53Z,"funk,soul,motown,classic soul",Universal Records,0.629,0.429,3,-6.912,0,0.0364,0.79,0.000395,0.0701,0.567,81.675,3
spotify:track:14DGhLzPgz7XcN49AoNdP5,7OB BAS EH,MAGNÜN,Lella Fadda,2025-01-24,175244,38,false,,2025-09-12T18:06:40Z,"egyptian hip hop,arabic hip hop,egyptian pop",Abu Recordings,0.663,0.517,1,-13.265,0,0.168,0.109,0.00000167,0.122,0.671,119.993,4
spotify:track:7nzYUrcECvxWc5Anx0WNiU,BOS EZAY,IMPORT//EXPORT,Marwan Moussa,2023-09-03,210541,31,false,,2025-09-09T21:42:59Z,"egyptian hip hop,arabic hip hop,egyptian pop,mahraganat",The Basement Records,0.787,0.597,1,-8.192,1,0.0729,0.189,0.002,0.132,0.387,162.974,4
spotify:track:3CeshPx1p0joxDwUfOesg6,نفس الكلام اللي بغنيه,كوكتيل غنائي للفنان تووليت حصرياً لحبايب قلبي,TUL8TE,2024-07-25,201080,52,false,,2025-09-09T21:42:55Z,"egyptian hip hop,egyptian pop,arabic hip hop",MDLBEAST Records,0.497,0.475,9,-9.914,0,0.0386,0.609,0.04,0.141,0.373,131.927,5
spotify:track:4820SC1xnUaabzzYQTDkP2,Gnossienne: No. 1,Satie: Avant-dernières pensées (Bonus Track Version),Erik Satie;Alexandre Tharaud,2009-01-20,214133,63,false,,2025-09-09T00:12:34Z,"impressionism,classical,classical piano",harmonia mundi,0.424,0.00798,5,-28.345,0,0.0496,0.996,0.925,0.0983,0.0794,124.166,3
spotify:track:4JXDaZ07TcDLGe0ZxZLike,Diner avec bisous,Diner avec bisous,Franz Gordon,2025-08-04,210579,8,false,,2025-09-08T20:50:30Z,,Epidemic Sound,0.427,0.0687,3,-19.007,0,0.0467,0.982,0.895,0.124,0.119,94.292,3
spotify:track:3dkSi0JgrpPbQJuc64pI8V,Paradise,Swings,Ryan Caraveo,2014-12-12,234158,0,true,,2025-09-08T14:58:12Z,,"Ryan Caraveo, LLC",0.719,0.636,8,-8.144,0,0.0995,0.33,0.00000315,0.585,0.205,124.767,4
spotify:track:6FZDfxM3a3UCqtzo5pxSLZ,Without Me,Manic,Halsey,2020-01-17,201660,87,true,,2025-09-07T02:39:05Z,,Capitol Records,0.752,0.488,6,-7.05,1,0.0705,0.293,0.0000092,0.0936,0.533,136.07,4
spotify:track:7znAjItIP7xKKhyFzF5W1B,Big Jet Plane,Down The Way,Angus & Julia Stone,2010-03-12,239146,48,false,,2025-09-07T02:34:48Z,,TAP Records,0.762,0.387,10,-8.643,0,0.0277,0.239,0.00756,0.13,0.274,109.959,4
spotify:track:6YYv6hemXnF3GCYtMv8Gkh,Airy-Fairy Heart,Slow Day,Franz Gordon,2020-07-09,209464,59,false,,2025-09-03T11:56:27Z,,Epidemic Sound,0.392,0.0385,7,-21.172,1,0.0501,0.975,0.921,0.0848,0.217,121.901,3
spotify:track:5mrxUVYEyowgATPU35aZay,The French Library,The French Library,Franz Gordon,2020-10-30,179702,64,false,,2025-09-03T08:53:17Z,,Epidemic Sound,0.43,0.0282,3,-25.228,1,0.0451,0.994,0.96,0.11,0.0396,65.34,4
spotify:track:4OSBTYWVwsQhGLF9NHvIbR,Rolling in the Deep,21,Adele,2011-01-24,228093,83,false,,2025-09-03T08:50:17Z,soft pop,XL Recordings,0.73,0.769,8,-5.114,1,0.0298,0.138,0,0.0473,0.507,104.948,4
spotify:track:6IZvVAP7VPPnsGX6bvgkqg,PRIDE.,DAMN.,Kendrick Lamar,2017-04-14,275253,82,true,,2025-09-03T08:42:54Z,"hip hop,west coast hip hop",Aftermath,0.665,0.535,4,-7.056,0,0.0572,0.0786,0.0000168,0.154,0.37,138.842,4
spotify:track:6cC7ImB5zOGkZkn7Fsb9pc,KALAM MANTEQY,IMPORT//EXPORT,Marwan Moussa,2023-09-03,229598,30,false,,2025-09-01T22:56:11Z,"egyptian hip hop,arabic hip hop,egyptian pop,mahraganat",The Basement Records,0.628,0.655,0,-5.148,0,0.119,0.369,0.0000107,0.0922,0.297,83.849,4
spotify:track:4WuOWVnAqvEQxgSRrspBgt,Niagara Falls (Foot or 2) [with Travis Scott & 21 Savage],HEROES & VILLAINS,Metro Boomin;Travis Scott;21 Savage,2022-12-02,207306,75,true,,2025-09-01T08:48:07Z,rap,Republic Records,0.667,0.648,2,-5.117,1,0.284,0.175,0.000155,0.147,0.254,87.975,4
spotify:track:0HFWS5C6ThNeuOr10Xz21U,Polka Dots and Moonbeams,The Essential Frank Sinatra with the Tommy Dorsey Orchestra (with Frank Sinatra),Tommy Dorsey;Frank Sinatra,2005-09-19,199733,52,false,,2025-09-01T08:33:13Z,"big band,swing music,adult standards,christmas,jazz,vocal jazz",Bluebird/Legacy,0.456,0.0329,2,-23.702,1,0.0532,0.956,0.0000785,0.152,0.342,82.938,4
spotify:track:1AM8QdDFZMq6SrrqUnuQ9P,Feeling Good,It's Time,Michael Bublé,2005-02-08,237333,74,false,,2025-08-31T11:30:22Z,christmas,143/Reprise,0.535,0.548,1,-6.51,1,0.037,0.533,0.00000148,0.123,0.477,115.144,3
spotify:track:1PDP7mLiAMwhfmgIwzhOm2,Yebba’s Heartbreak,Certified Lover Boy,Drake;Yebba,2021-09-03,133762,81,true,,2025-08-30T13:42:56Z,rap,OVO,0.476,0.161,8,-11.665,0,0.0407,0.967,0.0381,0.109,0.0908,119.614,4
spotify:track:2tsKzaCFIjssEjFW9ViG1T,Come Home - Sped Up,Come Home - Sped Up,Jace June,2025-03-29,140666,61,false,,2025-08-29T23:30:48Z,,Jace June,0.498,0.418,5,-7.388,0,0.0785,0.293,0,0.72,0.25,111.55,5
spotify:track:4Hs0dbbWphP4ILaGaV9dYb,Come Home,Come Home,Jace June,2025-03-26,168001,70,false,,2025-08-29T15:29:00Z,,Jace June,0.384,0.377,2,-8.12,0,0.0563,0.165,0,0.917,0.267,81.259,4
spotify:track:6fjsZaiHZmhMFINX6MEX7B,Moonlight in Vermont,Jazz Noir - The Ernestine Anderson Experience,Ernestine Anderson,2023-12-01,158372,17,false,,2025-08-28T08:24:27Z,"vocal jazz,jazz ballads,jazz",Agnes V,0.332,0.0158,10,-25.241,0,0.0398,0.958,0,0.14,0.163,140.429,5
spotify:track:5496lks6V3fh1mZAB6IAap,Alibi (with Pabllo Vittar & Yseult),Alibi (with Pabllo Vittar & Yseult),Sevdaliza;Pabllo Vittar;Yseult,2024-06-28,161655,76,false,,2025-08-27T18:24:24Z,"brazilian pop,funk pop,tecnobrega,french r&b",Twisted Elegance,0.741,0.754,11,-5.412,0,0.0327,0.00526,0.00000821,0.125,0.717,126.98,4
spotify:track:54DTLQMjyF60TY8b4jkKRa,One Note Samba (Samba de Uma Nota So),Sinatra/Jobim: The Complete Reprise Recordings,Antônio Carlos Jobim;Frank Sinatra,1967-03,140986,54,false,,2025-08-27T09:19:49Z,"bossa nova,brazilian jazz,mpb,latin jazz,christmas,big band,adult standards,swing music,jazz,vocal jazz",FRANK SINATRA DIGITAL REPRISE,0.601,0.418,7,-10.542,1,0.0622,0.801,0.0000436,0.117,0.701,139.203,3
spotify:track:0fv2KH6hac06J86hBUTcSf,NEW MAGIC WAND,IGOR,"Tyler, The Creator",2019-05-17,195327,79,true,,2025-08-24T20:33:20Z,,Columbia,0.621,0.73,5,-5.414,0,0.107,0.0967,0.000131,0.673,0.464,139.566,4
spotify:track:0X7kgLsQhetqL2UpuhJX4c,3AMEL EH?,الرجل الذي فقد قلبه,Marwan Moussa,2025-05-05,185400,39,false,,2025-08-21T14:41:05Z,"egyptian hip hop,arabic hip hop,egyptian pop,mahraganat",Universal Arabic Music,0.694,0.588,4,-6.612,0,0.369,0.69,0.0000795,0.151,0.598,100.009,4
spotify:track:1pacwLXyRO47ka0v6LTIiY,Raindrops (Insane) [with Travis Scott],HEROES & VILLAINS,Metro Boomin;Travis Scott,2022-12-02,188586,73,true,,2025-08-19T18:59:32Z,rap,Republic Records,0.804,0.539,7,-5.949,0,0.0391,0.0972,0,0.347,0.12,111.975,4
spotify:track:2FLBlTxXDjFn1TKauk2lcO,DOWN 4 ME,TRANSITIONS EP,Naïka,2022-09-30,147656,47,false,,2025-08-19T18:58:37Z,"kompa,zouk",Naïka Music,0.812,0.534,0,-7.69,1,0.102,0.254,0.00000159,0.0922,0.538,96.034,4
spotify:track:1BbQIyPnuhVIlJEqPcY3Ug,"Six Pieces, Op. 51, TH 143: VI. Valse sentimentale. Tempo di Valse",None but the Lonely Heart,Pyotr Ilyich Tchaikovsky;Daniel Lozakovich;Stanislav Soloviev,2019-10-18,141706,62,false,,2025-08-19T18:57:43Z,"ballet,classical,concerto,orchestral",Deutsche Grammophon (DG),0.252,0.0578,1,-26.184,1,0.0518,0.953,0.0163,0.0721,0.0391,108.013,4
spotify:track:6aC3a6uYGxo2uTAmYPUI1d,Heavy stunts (with Don Toliver),King tonka,Yeat;Don Toliver,2024-05-03,205296,60,true,,2025-08-19T18:57:23Z,rage rap,Field Trip Recordings/Capitol Records,0.803,0.431,10,-8.634,0,0.0617,0.00388,0.0000901,0.101,0.141,145.037,4
spotify:track:4gaVCRGjBfKejYoPPRbIss,Till There Was You,Something Nice (Remastered Edition),Etta Jones,1961-03-30,127590,45,false,,2025-08-19T18:56:38Z,"vocal jazz,jazz",Little Starlight Records,0.541,0.0916,7,-14.048,1,0.0376,0.952,0.0000751,0.155,0.216,67.457,4
spotify:track:5XeFesFbtLpXzIVDNQP22n,I Wanna Be Yours,AM,Arctic Monkeys,2013-09-09,183956,94,false,,2025-08-19T18:55:14Z,"indie,garage rock",Domino Recording Co,0.464,0.417,0,-9.345,0,0.0256,0.136,0.022,0.0974,0.479,67.528,4
spotify:track:40iJIUlhi6renaREYGeIDS,Fair Trade (with Travis Scott),Certified Lover Boy,Drake;Travis Scott,2021-09-03,291175,83,true,,2025-08-16T23:10:05Z,rap,OVO,0.666,0.465,1,-8.545,1,0.26,0.0503,0,0.215,0.292,167.937,4
spotify:track:2HSmyk2qMN8WQjuGhaQgCk,Champagne Poetry,Certified Lover Boy,Drake,2021-09-03,336511,73,true,,2025-08-16T23:06:48Z,rap,OVO,0.423,0.667,6,-7.012,0,0.326,0.758,0,0.246,0.496,86.743,4
spotify:track:4EWCNWgDS8707fNSZ1oaA5,Heartless,808s & Heartbreak,Kanye West,2008-11-24,211000,88,false,,2025-08-16T10:45:46Z,rap,Roc-A-Fella,0.79,0.647,10,-5.983,0,0.136,0.0515,0,0.248,0.654,87.999,4
spotify:track:5TRPicyLGbAF2LGBFbHGvO,Flashing Lights,Graduation,Kanye West;Dwele,2007-09-11,237506,91,true,,2025-08-16T10:04:46Z,"rap,neo soul",Roc-A-Fella,0.639,0.628,6,-7.578,0,0.0398,0.0381,0,0.386,0.43,90.482,4
spotify:track:0N4rsbqvb6LvSZfFi9bqeR,summer sunset,summer sunset,ADTurnUp;neiren!,2024-05-24,146560,48,false,,2025-08-15T21:56:55Z,,ADTurnUp & neiren!,0.742,0.344,1,-15.495,0,0.0372,0.245,0.882,0.12,0.273,134.976,4
spotify:track:18PbcGonKcBN61OU7vdPt7,Messi,7 SEAS,June Freedom;Naïka,2023-10-13,186500,58,false,,2025-08-15T16:50:58Z,"afrobeats,kizomba,afrobeat,afro r&b,afropop,kompa,zouk",Flight Club Music Group / EMPIRE,0.521,0.619,10,-5.451,0,0.27,0.569,0.0000829,0.137,0.766,93.541,4
spotify:track:4xrGGkG4Pm57nLusmfzIn6,Unholy,Unholy,Mckay,2025-05-15,165000,40,true,,2025-08-15T16:47:51Z,"afrobeats,afrobeat,afro soul,afro r&b",Herculean.,0.697,0.369,1,-6.333,0,0.0626,0.188,0.000527,0.119,0.368,124.991,5
spotify:track:6Y1szSzgBTj39XorUpxGXV,Black Magic Woman,Black Magic Woman,Ginton;Kaylan Arnold,2024-02-16,218625,63,false,,2025-08-15T16:40:21Z,"afro house,latin house",Woody Trees,0.771,0.752,2,-4.567,0,0.0735,0.00943,0.0000145,0.17,0.703,120.044,4
spotify:track:10U0rbctNl1DWEuCn1ETm6,YSL,Anchor Baby,June Freedom;Elji Beatzkilla,2021-06-18,173714,64,false,,2025-08-15T16:35:17Z,"afrobeats,kizomba,afrobeat,afro r&b,afropop,zouk",Flight Club Music Group,0.796,0.515,2,-7.295,0,0.212,0.115,0.00401,0.348,0.678,104.985,4
spotify:track:2wmp1eEKI2Ai5K0yIAP2gU,RHLFRĖ,PRJKTBLUBEAM,Marwan Pablo;Xander Ghost,2024-08-15,135613,43,false,,2025-08-13T08:21:36Z,"egyptian hip hop,arabic hip hop,egyptian pop,mahraganat",Quality Clique,0.633,0.769,8,-7.795,0,0.0711,0.193,0.00352,0.161,0.511,159.965,4
spotify:track:43Dy6IPB12ymQeb2G8ptPO,Lelly Yah (Red Bull Symphonic),Red Bull Symphonic,Marwan Pablo,2025-01-23,187936,41,false,,2025-08-12T22:22:20Z,"egyptian hip hop,arabic hip hop,egyptian pop,mahraganat",Quality Clique,0.321,0.831,5,-6.05,0,0.0693,0.0591,0.000214,0.926,0.15,119.723,4
spotify:track:7FR31W0Gpfs7s4fLoBV2Go,BLOOM,BLOOM,Naïka,2025-07-24,167973,42,false,,2025-08-12T10:49:32Z,"kompa,zouk",Naïka Music,0.853,0.556,5,-5.716,0,0.072,0.037,0.0552,0.209,0.471,117.085,4
spotify:track:6gDd7m57FDznq1nSj57gr0,CTRL,CTRL,Marwan Pablo,2021-03-29,185341,55,false,,2025-08-09T07:11:50Z,"egyptian hip hop,arabic hip hop,egyptian pop,mahraganat",Quality Clique,0.813,0.472,4,-14.838,0,0.21,0.068,0.00103,0.0952,0.425,136.003,4
spotify:track:1m3TRni5LIuCXtvW9zNFRV,Atary (Red Bull Symphonic),Red Bull Symphonic,Marwan Pablo,2025-01-23,211051,32,false,,2025-08-07T17:29:00Z,"egyptian hip hop,arabic hip hop,egyptian pop,mahraganat",Quality Clique,0.449,0.852,4,-7.149,0,0.163,0.233,0.0000321,0.772,0.444,128.71,4
spotify:track:0merm849HwHiuIIAU0Nb9T,DÉJÀ VU,PRJKTBLUBEAM,Marwan Pablo,2024-08-15,159230,49,false,,2025-08-07T16:36:09Z,"egyptian hip hop,arabic hip hop,egyptian pop,mahraganat",Quality Clique,0.62,0.818,11,-7.964,0,0.189,0.42,0.0116,0.396,0.338,157.981,4
spotify:track:6VCIEBOCuOTJJCKj51xfaH,Burn Slow,"Lost in Paradïse, Pt. 2",Naïka,2021-06-25,130744,50,false,,2025-08-06T17:39:41Z,"kompa,zouk",Naïka Music,0.642,0.41,7,-9.031,0,0.152,0.842,0.00202,0.176,0.65,175.977,4
spotify:track:6BekGwEgpddZ2NwZyOv3qK,Guava,Guava,Naïka,2022-08-26,170550,51,false,,2025-08-06T17:39:20Z,"kompa,zouk",Naïka Music,0.888,0.661,7,-3.738,0,0.0867,0.198,0.0000333,0.253,0.611,100.044,4
spotify:track:1eOuxbVvNCKXcSeq2lZ2mW,Layers - Live Acoustic,Layers (Live Acoustic),Naïka,2025-01-24,149952,54,false,,2025-08-06T17:39:01Z,"kompa,zouk",Naïka Music,0.606,0.366,6,-7.803,0,0.248,0.714,0,0.0639,0.832,120.392,3
spotify:track:5FMyXeZ0reYloRTiCkPprT,Which One (feat. Central Cee),Which One,Drake;Central Cee,2025-07-25,169134,77,true,,2025-08-04T10:32:21Z,"rap,uk drill,drill,uk grime",OVO/Republic,0.91,0.498,7,-7.172,0,0.258,0.342,0.000517,0.163,0.501,120.02,4
spotify:track:1yiJHrunZu2fov7OhC7vM9,LAYALINA,TESH SHABAB,TUL8TE,2024-02-22,218833,64,false,,2025-08-02T08:10:41Z,"egyptian hip hop,egyptian pop,arabic hip hop","Vinyl Entertainment, a Division of RaxRecords Music Group",0.669,0.823,0,-4.95,0,0.0297,0.191,0.000607,0.0952,0.75,144.071,4
spotify:track:1Hv1VTm8zeOeybub15mA2R,Smooth Operator - Single Version,The Best of Sade,Sade,1994-10-31,258693,86,false,,2025-08-01T16:20:40Z,,Epic,0.734,0.58,9,-6.619,0,0.0321,0.238,0.0006,0.0298,0.962,119.336,4
spotify:track:0dRRv81hXsx3hhVZOorD0y,Темная ночь,Песни Великой Победы,Mark Bernes,2024-05-06,175480,35,false,,2025-08-01T05:11:06Z,,Digital Project,0.426,0.257,7,-15.88,1,0.044,0.939,0.0000202,0.109,0.423,112.243,4
spotify:track:427rOszWsnCmSHfZp4Xhzn,Miss Me - Slowed + Reverb,Miss Me (Slowed + Reverb),trxndsetter;svmy,2025-03-28,187663,69,true,,2025-07-30T15:52:18Z,,EVO79,0.707,0.456,1,-9.021,1,0.0641,0.037,0,0.208,0.525,113.218,4
spotify:track:5N3hjp1WNayUPZrA8kJmJP,Please Please Please,Please Please Please,Sabrina Carpenter,2024-06-06,186365,80,true,,2025-07-30T12:27:08Z,pop,Island Records,0.669,0.586,9,-6.073,1,0.054,0.274,0,0.104,0.579,107.071,4
spotify:track:2qSkIjg1o9h3YT9RAgYN75,Espresso,Espresso,Sabrina Carpenter,2024-04-12,175459,86,true,,2025-07-30T12:27:06Z,pop,Island Records,0.701,0.76,0,-5.478,1,0.0285,0.107,0.0000654,0.185,0.69,103.969,4
spotify:track:1Upvn947hYjd7VTQghwOHM,Deja Vu,Deja Vu,Naïka,2019-08-02,186000,61,false,,2025-07-30T02:39:47Z,"kompa,zouk",Vertigo Berlin,0.695,0.585,2,-5.872,0,0.108,0.677,0.000151,0.106,0.712,173.932,4
spotify:track:21FtcQxoIjxdiqCRxnLAdK,"Belle, Belle!","Belle, Belle!",Naïka,2021-09-17,206386,55,false,,2025-07-30T02:15:01Z,"kompa,zouk",Naïka Music,0.533,0.567,9,-8.347,0,0.333,0.361,0.00147,0.194,0.804,96.464,4
spotify:track:1gDKjutKc25dm5VZKNq79W,For Gerard,"Lost in Paradïse, Pt. 2",Naïka,2021-06-25,203023,55,false,,2025-07-30T01:58:13Z,"kompa,zouk",Naïka Music,0.742,0.55,5,-8.352,0,0.139,0.419,0.0279,0.163,0.816,167.888,4
spotify:track:4zVVvZIJSf4QjQYxXj95vp,Sauce,"Lost in Paradïse, Pt. 2",Naïka,2021-06-25,126583,28,true,,2025-07-29T03:50:00Z,"kompa,zouk",Naïka Music,0.864,0.669,11,-5.827,0,0.154,0.229,0.00087,0.0796,0.663,127.002,4
spotify:track:7nFJSfGvvV0WjatTZN6QYi,Bamba (feat. Aitch & BIA),Bamba (feat. Aitch & BIA),Luciano;Aitch;BIA,2022-09-22,203255,60,true,,2025-07-29T02:04:27Z,"german hip hop,grime,uk grime,uk drill,drill",URBAN,0.805,0.792,9,-5.795,1,0.347,0.124,0,0.123,0.852,137.982,4
spotify:track:3FijoNKGof7pCn7oddecOQ,Test & Recognise - Flume Re-work,Test & Recognise (Remixes),Seekae;Flume,2014-08-14,303660,64,false,,2025-07-29T02:00:08Z,future bass,Future Classic,0.543,0.581,8,-8.532,1,0.0711,0.193,0.0000161,0.117,0.299,109.769,4
spotify:track:064wRZsHDLuoCJYw65gh7N,Like a Tattoo,The Best of Sade,Sade,1994-10-31,218426,66,false,,2025-07-29T01:33:07Z,,Epic,0.528,0.146,5,-16.667,0,0.0314,0.909,0.000504,0.0955,0.146,136.2,4
spotify:track:3ptVro4saZIK2M6J8fIoEg,Khatfoony,Ebtadena,Amr Diab;Orange;Jana Diab,2025-07-03,257479,66,false,,2025-07-29T01:31:31Z,"egyptian pop,khaleeji",Sony Music Entertainment,0.74,0.941,0,-3.511,1,0.0346,0.142,0.00123,0.267,0.969,136.775,4
spotify:track:4ZXyPNr79hrUoPWNXXRhQB,Ma Chérie,"Lost in Paradïse, Pt. 2",Naïka,2021-06-25,207062,62,false,,2025-07-29T01:31:19Z,"kompa,zouk",Naïka Music,0.682,0.563,4,-8.758,0,0.0721,0.598,0,0.117,0.266,94.025,4
spotify:track:3WID8m6M9eEQ1w1k486vMc,1+1,1+1,Naïka,2023-09-01,216844,65,false,,2025-07-29T01:31:15Z,"kompa,zouk",Naïka Music,0.718,0.79,1,-5.229,1,0.0857,0.351,0.00222,0.15,0.525,103.057,4
spotify:track:6LH1KKXEw1K8UEKMK75qyz,6:45,6:45,Naïka,2024-02-09,202134,67,true,,2025-07-29T01:31:10Z,"kompa,zouk",Naïka Music,0.609,0.715,7,-4.374,0,0.26,0.465,0.00132,0.093,0.677,108.847,3
spotify:track:22I9OYOLQPVQOZpr3daoaz,WAZIRA / وزيرة,Love Letters / رسائل حب,Saint Levant,2025-02-14,164000,61,false,,2025-07-29T01:30:54Z,arabic hip hop,Saint Levant,0.693,0.784,0,-6.239,0,0.0391,0.0332,0.00000472,0.163,0.731,119.974,4
spotify:track:3vZ3ngEbunTiK4fOVKyzYD,KALAMANTINA / كلمنتينا,Love Letters / رسائل حب,Saint Levant;Marwan Moussa,2025-02-14,206872,71,false,,2025-07-26T21:42:57Z,"arabic hip hop,egyptian hip hop,egyptian pop,mahraganat",Saint Levant,0.879,0.626,1,-8.243,0,0.0528,0.257,0.0087,0.0933,0.822,114.99,4
spotify:track:3D5F5sKLXqnacWP6cIlKuM,Da Solo,Da Solo,One ZizO,2025-07-20,178333,20,true,,2025-07-26T04:59:25Z,"egyptian hip hop,arabic hip hop",One Zizo,0.665,0.842,2,-4.652,1,0.396,0.599,0,0.343,0.84,143.913,4
spotify:track:2Txff3A5yH8QCN1tWoeZwe,YAMMAH,الرجل الذي فقد قلبه,Marwan Moussa;Afroto;El Waili,2025-05-05,161181,55,false,,2025-07-24T22:54:10Z,"egyptian hip hop,arabic hip hop,egyptian pop,mahraganat",Universal Arabic Music,0.626,0.531,10,-12.818,0,0.0781,0.818,0.106,0.147,0.185,110.023,4
spotify:track:2JC0wQp9gReNOxKKd75kzh,HANET (Outro),آخر قطعة فنية,Marwan Pablo,2023-11-27,130000,40,false,,2025-07-24T22:46:39Z,"egyptian hip hop,arabic hip hop,egyptian pop,mahraganat",Quality Clique,0.514,0.414,0,-9.249,0,0.0309,0.527,0.00343,0.112,0.0377,99.91,4
spotify:track:6ksjfmHFIi8u9iQclfyr0D,Dawly,Dawly,El Waili;Moscow,2022-04-27,196206,38,false,,2025-07-24T20:53:12Z,"egyptian hip hop,arabic hip hop,egyptian pop,mahraganat",WRST Distribution,0.858,0.504,3,-8.505,0,0.261,0.427,0.0000455,0.0808,0.36,99.987,4
spotify:track:5Gcnei7oaeLGPNBbrVDjIo,Sindbad (Red Bull Symphonic),Red Bull Symphonic,Marwan Pablo,2025-01-23,228306,31,true,,2025-07-24T20:41:50Z,"egyptian hip hop,arabic hip hop,egyptian pop,mahraganat",Quality Clique,0.359,0.93,11,-6.696,1,0.0865,0.047,0.289,0.844,0.206,133.183,4
spotify:track:4y5cWLlxJzEumBAdGzdY5s,Lelly Yah,آخر قطعة فنية,Marwan Pablo,2023-11-27,188118,59,true,,2025-07-24T19:15:46Z,"egyptian hip hop,arabic hip hop,egyptian pop,mahraganat",Quality Clique,0.776,0.633,10,-6.448,0,0.0928,0.165,0,0.205,0.388,119.962,4
spotify:track:0ZGmHDAUSgGV5mCUbtYFe7,Matafetch,آخر قطعة فنية,Marwan Pablo,2023-11-27,156415,58,false,,2025-07-23T18:15:38Z,"egyptian hip hop,arabic hip hop,egyptian pop,mahraganat",Quality Clique,0.596,0.694,6,-7.461,0,0.0345,0.134,0,0.105,0.27,160.003,4
spotify:track:6m8vcn1JPflk8xBoFsaPDP,El Mabda2,آخر قطعة فنية,Marwan Pablo,2023-11-27,158586,62,false,,2025-07-23T17:33:18Z,"egyptian hip hop,arabic hip hop,egyptian pop,mahraganat",Quality Clique,0.797,0.614,9,-6.05,1,0.0616,0.379,0,0.122,0.363,111.989,4
spotify:track:5BTZSG989vO5PR8El2kMqW,take it from the starz - Slowed & reverb,take it from the starz,Roman Nasenmensch;domi4wave,2024-08-22,110000,67,false,,2025-07-15T08:10:47Z,,broke,0.43,0.621,0,-7.143,0,0.0306,0.162,0.459,0.201,0.077,123.546,3
spotify:track:6M3I9HkUaMaqXv9fila3mG,Tak Tak Funk - Slowed,Tak Tak Funk (Remixes),chipbagov;SCARIONIX;IMMORTAL PLAYA,2024-08-23,93187,64,false,,2025-07-14T00:19:04Z,"phonk,drift phonk,brazilian phonk",chipbagov,0.688,0.704,1,-10.038,1,0.111,0.0995,0.735,0.233,0.4,105.705,4
spotify:track:4gjg9hB5q4xWjJ9EelppL2,Funk Da Montanha - Super Slowed,Funk Da Montanha,chipbagov;SCARIONIX;IMMORTAL PLAYA,2025-01-24,107216,61,false,,2025-07-14T00:19:03Z,"phonk,drift phonk,brazilian phonk",RR MUSIC MEDIA,0.668,0.341,2,-15.384,1,0.0323,0.754,0.815,0.097,0.324,90.681,4
spotify:track:3Nmka6ycOZm2jiHyCJCjcc,Rio,Florida,Marwan Moussa;Stormy,2021-01-01,195748,0,false,,2025-07-12T21:49:21Z,"egyptian hip hop,arabic hip hop,egyptian pop,mahraganat,moroccan rap,moroccan pop",The Basement Records,0.873,0.57,9,-10.571,0,0.166,0.0567,0,0.0934,0.534,118.999,4
spotify:track:7CIby3R5BarsrmPbZORfrY,عفاريت,عفاريت,DizzyTooSkinny;Omar Keif,2022-06-23,198768,43,false,,2025-07-08T19:23:14Z,"egyptian hip hop,arabic hip hop,egyptian pop,mahraganat",DizzyTooSkinny,0.624,0.553,11,-7.485,1,0.0807,0.131,0,0.18,0.292,119.918,4
spotify:track:3jxcV2HXD3wjnQjAi2LEta,Msh 3aref Aseeb,Hal Mn Mazeed? (Disc 1),Karim Enzo;Rafiek,2025-01-22,155481,10,false,,2025-07-02T15:38:32Z,"egyptian hip hop,arabic hip hop,egyptian pop",The Basement Records,0.363,0.524,1,-11.141,1,0.0483,0.0882,0.0000919,0.127,0.0558,173.744,4
spotify:track:5aWFlKLE7TWoIpxX9oPAiR,"Ride Or Die, Pt. 2 (with Villano Antillano & Tokischa)","Ride Or Die, Pt. 2",Sevdaliza;Villano Antillano;Tokischa,2024-04-18,158728,61,true,,2025-06-26T18:40:10Z,"neoperreo,dembow",Twisted Elegance,0.767,0.72,5,-6.577,0,0.0659,0.0877,0.00105,0.0985,0.552,139.995,4
spotify:track:3XAUmK0uUZKIWET53ty42t,SKHNT,SKHNT,ZIAD ZAZA;Ismail Nosrat,2024-01-12,186046,51,false,,2025-06-23T13:36:33Z,"egyptian hip hop,arabic hip hop,egyptian pop,mahraganat",Global,0.583,0.659,9,-6.544,0,0.333,0.854,0.000168,0.0943,0.695,172.07,4
spotify:track:5WC4tkKhoZiYAoIkRjTZ0c,Denamet,Denamet,Molotof;Marwan Pablo,2023-09-13,208963,42,false,,2025-06-23T11:57:14Z,"egyptian hip hop,arabic hip hop,egyptian pop,mahraganat",Molowave,0.682,0.557,7,-11.821,1,0.0337,0.0278,0.497,0.117,0.0832,140.123,4
spotify:track:4b7qNWeErtYL9fhdYb4Lhw,Yalahwy!,Yalahwy!,Karim Enzo,2022-07-30,205714,10,false,,2025-06-12T05:16:53Z,"egyptian hip hop,arabic hip hop,egyptian pop",The Basement Records,0.849,0.552,5,-9.208,0,0.263,0.246,0.00000546,0.287,0.554,104.996,4
spotify:track:05z8Dj4bvVvFPgFzO09zb0,انا لبسي اوفر سايز,انا لبسي اوفر سايز,Eslam Kabonga;Figo El Dakhlawy,2025-02-27,244427,54,false,,2025-06-10T21:56:48Z,"mahraganat,dub,egyptian pop",Islam Kabonga,0.846,0.87,2,-0.719,1,0.0448,0.334,0.00000216,0.263,0.65,110.043,4
spotify:track:3ljkIggkwArBWmiCRRHJ01,Kheir Kheir,Hal Mn Mazeed? (Disc 1),Karim Enzo,2025-01-22,166887,8,false,,2025-06-05T20:09:27Z,"egyptian hip hop,arabic hip hop,egyptian pop",The Basement Records,0.565,0.652,0,-11.253,0,0.0624,0.0888,0.000504,0.634,0.317,151.036,4
spotify:track:7BG45ANePoIFo6C9AOgYzP,El Youm Elly 3ereftek Feeh,Hal Mn Mazeed? (Disc 1),Karim Enzo,2025-01-22,172800,10,false,,2025-06-05T20:06:15Z,"egyptian hip hop,arabic hip hop,egyptian pop",The Basement Records,0.606,0.603,8,-11.781,0,0.0684,0.421,0.154,0.415,0.876,149.95,4
spotify:track:789ttAbbfQzgEmOiAMU1yz,"Nocturne No. 20 In C Sharp Minor, Op. Posth. (Arr. G. Piatigorsky): Nocturne No. 20 In C Sharp Minor, Op. Post., Bi 49","CHOPIN: Cello Sonata / Polonaise Brillante, Op. 3 / Grand Duo",Gregor Piatigorsky;Maria Kliegel;Bernd Glemser;Frédéric Chopin,1996-06-03,229040,17,false,,2025-06-04T20:20:39Z,"chamber music,concerto,classical,classical piano",Naxos,0.182,0.0609,1,-25.687,0,0.0488,0.972,0.935,0.0543,0.0585,79.539,4
spotify:track:5pm3DYBXScJG26fR6FYWaU,Ekhlas (F1),Hal Mn Mazeed? (Disc 1),Karim Enzo;Rafiek,2025-01-22,295553,12,false,,2025-06-04T12:21:58Z,"egyptian hip hop,arabic hip hop,egyptian pop",The Basement Records,0.533,0.661,1,-11.383,0,0.125,0.163,0.00000315,0.425,0.47,146.064,4
spotify:track:1mvI5pGoh84IiFSbWxEkGH,CLOUDS,CLOUDS (THE MIXTAPE),NF,2021-03-26,243760,66,false,,2025-06-03T08:43:54Z,christian hip hop,NF Real Music,0.788,0.652,1,-3.931,1,0.405,0.373,0,0.755,0.812,128.108,4
spotify:track:07AAFWFkG1fnWcTfxRiqgT,El Atr - Extended Version,El Atr (Extended Version),Rafiek;Karim Enzo;Yonyo,2023-02-09,190589,17,false,,2025-06-01T14:30:55Z,"egyptian hip hop,arabic hip hop,egyptian pop",Abdu Gaded Records,0.708,0.572,7,-10.563,1,0.112,0.0411,0,0.144,0.375,136.02,4
spotify:track:4iG3UdoSQKyx1E3Mm6nSwU,Parle plus bas,Forever Dalida,Dalida,2004-02-16,178666,37,false,,2025-05-30T16:17:17Z,"variété française,chanson",Universal Music Division Barclay,0.274,0.5,2,-5.444,0,0.0294,0.78,0.00012,0.102,0.433,75.064,4
spotify:track:5DUnZGRKPY49qucVVlVZqh,Parle plus bas,40 succès en or,Dalida,1997-01-01,201200,34,false,,2025-05-30T16:12:24Z,"variété française,chanson",Universal Music Division Barclay,0.331,0.404,2,-6.72,0,0.0319,0.772,0.00000131,0.427,0.456,76.775,4
spotify:track:0bfvHnWWOeU1U5XeKyVLbW,Can't Take My Eyes off You,Solo,Frankie Valli,1967,203680,85,false,,2025-05-30T15:17:49Z,doo-wop,Rhino,0.581,0.78,4,-7.053,1,0.0567,0.508,0.0000107,0.0799,0.561,123.711,4
spotify:track:59eTbibtvvBIGj27eN3zqq,Le Cygne,Saint-Saëns & Tchaikovsky,Camille Saint-Saëns;Stéphane Tétreault;Fabien Gabel;Orchestre Symphonique De Québec,2012-09-25,214986,61,false,,2025-05-24T11:55:32Z,"classical,concerto,opera,orchestral",ANALEKTA,0.116,0.059,7,-26.632,1,0.0446,0.983,0.913,0.152,0.0393,94.137,4
spotify:track:2H7VbIlKJefU5BTsHhYxuO,You Always Hurt The One You Love - 1958 version,Great Hits,The Mills Brothers,1958-01-01,193440,55,false,,2025-05-23T03:26:29Z,"big band,adult standards,swing music",Geffen,0.516,0.081,7,-18.345,0,0.0602,0.939,0.0000248,0.367,0.352,138.69,4
spotify:track:3y4rNBpnB3cDwNBp7ITTJg,Baskioula فسيكولا,Sahara صحرا,Sahara Band,2023-09-22,427080,0,false,,2025-05-20T07:11:58Z,,DJ Recording,0.605,0.941,9,-7.371,1,0.0707,0.00596,0.897,0.236,0.706,107.997,4
spotify:track:58cH6j3XOvsRQSME8o0HBp,MARO MASHAKEL,الرجل الذي فقد قلبه,Marwan Moussa,2025-05-05,173866,38,false,,2025-05-20T01:19:10Z,"egyptian hip hop,arabic hip hop,egyptian pop,mahraganat",Universal Arabic Music,0.724,0.537,8,-11.12,0,0.152,0.459,0.0118,0.141,0.802,145.021,4
spotify:track:30COeIn1dQn7VgHYxgrU9Q,3ALA FEN?,الرجل الذي فقد قلبه,Marwan Moussa;Karim Osama,2025-05-05,181533,49,false,,2025-05-20T01:19:09Z,"egyptian hip hop,arabic hip hop,egyptian pop,mahraganat",Universal Arabic Music,0.835,0.446,4,-9.083,0,0.0397,0.182,0.0000308,0.0912,0.328,119.992,4
spotify:track:6oaqiRQC3qZ1dDM8uQLDCD,SHAWAAF,الرجل الذي فقد قلبه,Marwan Moussa,2025-05-05,168066,37,false,,2025-05-20T01:19:04Z,"egyptian hip hop,arabic hip hop,egyptian pop,mahraganat",Universal Arabic Music,0.811,0.509,2,-10.369,1,0.136,0.651,0.0194,0.109,0.609,119.963,4
spotify:track:3kvFynFheCVVecaJLKketl,Nazlet Seman,Awdet El Ebn El Dal,Karim Osama;El Waili,2023-03-07,168005,57,false,,2025-05-20T00:58:00Z,"egyptian hip hop,arabic hip hop,egyptian pop,mahraganat",Takwene,0.813,0.456,1,-8.388,1,0.0665,0.742,0,0.0872,0.392,110.02,4
spotify:track:2rGdG2KXGEADHHdRlRGm9f,Ymkin Ala Bali,Awdet El Ebn El Dal,Karim Osama;Riff,2023-03-07,170847,11,false,,2025-05-17T19:04:54Z,"egyptian hip hop,arabic hip hop,egyptian pop,mahraganat",Takwene,0.787,0.494,1,-10.038,0,0.111,0.758,0.000162,0.0862,0.303,117.958,4
spotify:track:52NGJPcLUzQq5w7uv4e5gf,Private Landing (feat. Justin Bieber & Future),Love Sick,Don Toliver;Justin Bieber;Future,2023-02-24,238253,81,true,,2025-05-17T18:56:40Z,"rap,trap",Cactus Jack / Atlantic,0.858,0.641,1,-4.31,0,0.0954,0.111,0.0000212,0.109,0.445,136.991,4
spotify:track:5P6dL7K24WU1tHJLCIQ70P,Fatma,Arabesque,Omar Khairat;The Ayoub Sisters;The Swingles,2022-08-12,223893,15,false,,2025-05-13T15:22:24Z,,The Ayoub Sisters,0.608,0.413,0,-11.757,0,0.0479,0.621,0.31,0.0906,0.419,104.999,4
spotify:track:18vgXrkt2LuZDyT96YjB4B,Adary,Adary,Afroto;Marwan Moussa,2021-01-20,184000,35,false,,2025-05-08T19:56:03Z,"egyptian hip hop,arabic hip hop,mahraganat,egyptian pop",The Basement Records,0.773,0.519,1,-8.516,0,0.12,0.35,0,0.151,0.348,111.92,4
spotify:track:4bt7qu7XbQJeA23eB1JMiS,frozen tears,frozen tears,Anfa Rose;Marwan Moussa,2025-01-31,185409,18,true,,2025-05-08T19:55:20Z,"trap soul,egyptian hip hop,arabic hip hop,egyptian pop,mahraganat",44 Petals,0.568,0.454,8,-10.351,0,0.0664,0.00995,0.00285,0.577,0.158,166.968,4
spotify:track:7siYT41awYbWCqJb63Qgiq,BOSAKBER,الرجل الذي فقد قلبه,Marwan Moussa,2025-05-05,255000,36,false,,2025-05-08T05:47:34Z,"egyptian hip hop,arabic hip hop,egyptian pop,mahraganat",Universal Arabic Music,0.675,0.634,4,-10.143,0,0.0378,0.516,0.00205,0.0997,0.0984,108.044,4
spotify:track:291IQsv9uraExolqtoRczv,Heaven Can Wait - Remastered 1998,This Time I'm Swingin',Dean Martin,1960,149560,57,false,,2025-05-07T18:55:49Z,"christmas,adult standards,big band,swing music",Capitol Records,0.529,0.0786,1,-17.588,1,0.0365,0.893,0.0000143,0.113,0.436,94.292,4
spotify:track:4Zxtrc6mmjV1L7KPuHWqoV,TESH SHABAB,الرجل الذي فقد قلبه,Marwan Moussa,2025-05-05,145800,38,false,,2025-05-07T08:15:36Z,"egyptian hip hop,arabic hip hop,egyptian pop,mahraganat",Universal Arabic Music,0.782,0.466,2,-12.724,0,0.0438,0.848,0.00451,0.161,0.781,110.008,4
spotify:track:2L8fFXFDGLklRD7EN0Ugew,SADA2NY,الرجل الذي فقد قلبه,Marwan Moussa,2025-05-05,170133,39,false,,2025-05-06T21:49:09Z,"egyptian hip hop,arabic hip hop,egyptian pop,mahraganat",Universal Arabic Music,0.409,0.387,5,-15.255,1,0.0564,0.849,0.0809,0.108,0.165,80.789,4
spotify:track:7IqxOQ0Wjb4JcsIoY5I1hF,KALEMENY BELEL,الرجل الذي فقد قلبه,Marwan Moussa;Lege-Cy,2025-05-05,159533,62,false,,2025-05-06T21:04:16Z,"egyptian hip hop,arabic hip hop,egyptian pop,mahraganat",Universal Arabic Music,0.682,0.348,9,-9.286,0,0.368,0.828,0.00623,0.19,0.786,199.08,4
spotify:track:6cDytuMZ5Z4iMEhK65HiHL,"Nocturne No. 2 in C Minor, H. 25","Field: Piano Music, Vol. 1",John Field;Benjamin Frith,1999-08-23,223066,1,false,,2025-05-05T20:00:42Z,"classical piano,classical",Naxos,0.351,0.00622,0,-33.286,0,0.0388,0.994,0.943,0.115,0.0794,66.921,4
spotify:track:69KF73mPJG37guyLv98KuM,FAWATER EL 3ETAB,FAWATER EL 3ETAB,Marwan Moussa,2025-04-27,217000,39,false,,2025-05-04T17:33:50Z,"egyptian hip hop,arabic hip hop,egyptian pop,mahraganat",Universal Arabic Music,0.659,0.422,10,-13.571,0,0.125,0.909,0.000661,0.215,0.677,109.905,4
spotify:track:2BHXbQ7y9Af4XT6HSho8CB,Collage,SULTAN,Shabjdeed;Al Nather,2024-02-29,129692,26,false,,2025-05-01T21:40:17Z,"arabic hip hop,egyptian hip hop",BLTNM Records LTD,0.441,0.438,3,-13.363,1,0.0856,0.777,0.000265,0.178,0.562,97.633,4
spotify:track:5FJXK0vbQc8jebPYx0HIEq,Drogba,Florida,Marwan Moussa,2021-01-01,233000,0,false,,2025-04-30T22:36:10Z,"egyptian hip hop,arabic hip hop,egyptian pop,mahraganat",The Basement Records,0.643,0.37,5,-13.397,0,0.416,0.226,0.000106,0.0989,0.554,153.023,4
spotify:track:6qBEVHOHFVE425OBeOluXN,Hada el 7aki 3eh,"Jdeed, Vol. 3",Al Nather;Shabjdeed;The Synaptik,2019-01-15,312032,44,true,,2025-04-30T22:14:20Z,"arabic hip hop,egyptian hip hop",BLTNM,0.713,0.385,5,-15.307,1,0.0752,0.437,0.0000239,0.114,0.288,143.966,4
spotify:track:2qwWOBqqHXh8TfpOb5SOmT,شهر اتناشر,شهر اتناشر,Marwan Moussa,2019-07-21,216868,42,true,,2025-04-30T22:07:07Z,"egyptian hip hop,arabic hip hop,egyptian pop,mahraganat",Blue Check Entertainment,0.457,0.462,1,-11.569,0,0.455,0.298,0.00892,0.3,0.294,180.047,3
spotify:track:1z2U6OkeHac4JCLFG5AwuI,FAHMAN DONYA,FAHMAN DONYA,Marwan Moussa,2025-04-27,238400,29,false,,2025-04-30T16:59:00Z,"egyptian hip hop,arabic hip hop,egyptian pop,mahraganat",Universal Arabic Music,0.698,0.488,7,-12.61,0,0.139,0.826,0.0376,0.186,0.782,161.006,4
spotify:track:6tl8bNghUgqnBvdXQS16l0,Forsa,Forsa,Double Zuksh;Marwan Moussa;Eldab3,2020-09-03,205008,43,false,,2025-04-28T00:40:39Z,"mahraganat,egyptian hip hop,arabic hip hop,egyptian pop,egyptian shaabi",The Basement Records,0.834,0.686,5,-5.03,0,0.0482,0.48,0.0000097,0.112,0.601,105.01,4
spotify:track:1JgbWmgC9uDYHmedb91Tzd,Abo Galum,3awdet Eldab3,Eldab3,2023-05-05,133676,47,false,,2025-04-28T00:17:53Z,"egyptian hip hop,arabic hip hop,egyptian pop,mahraganat",The Basement Records,0.803,0.437,6,-6.51,0,0.108,0.434,0.0484,0.117,0.419,102.017,4
spotify:track:3OFejsaM3NDkclJg3rjWI2,البوصلة ضاعت,البوصلة ضاعت,Marwan Moussa,2019-08-23,209993,61,false,,2025-04-27T23:59:37Z,"egyptian hip hop,arabic hip hop,egyptian pop,mahraganat",Blue Check Entertainment,0.753,0.504,7,-10.196,0,0.132,0.666,0.0000188,0.121,0.299,107.064,4
spotify:track:13bOmUNMnr4kkg5O1q2x60,BONO,EN7RAF,Marwan Pablo,2025-04-03,113142,0,false,,2025-04-27T23:59:26Z,"egyptian hip hop,arabic hip hop,egyptian pop,mahraganat",Quality Clique,0.681,0.665,1,-6.482,0,0.0355,0.0195,0.000156,0.0828,0.156,140.067,4
spotify:track:7jVCIKobYvI5HZRWYcCM9L,Bella,Florida,Marwan Moussa,2021-01-01,232941,0,false,,2025-04-27T19:45:15Z,"egyptian hip hop,arabic hip hop,egyptian pop,mahraganat",The Basement Records,0.903,0.328,0,-12.182,1,0.2,0.0758,0.0000794,0.0857,0.582,101.977,4
spotify:track:29fYpnoF6jdnmyUmYqljmB,BALLON DOR,BALLON DOR,Marwan Moussa,2021-03-10,190211,0,false,,2025-04-27T19:45:10Z,"egyptian hip hop,arabic hip hop,egyptian pop,mahraganat",The Basement Records,0.882,0.445,6,-6.694,0,0.0729,0.22,0,0.0881,0.602,149.046,4
spotify:track:3sHG3Wv2MqYFRZhUdnIXCO,Beluga,Beluga,Marwan Moussa;Afroto;Karim Enzo,2021-06-08,217000,0,false,,2025-04-27T19:45:08Z,"egyptian hip hop,arabic hip hop,egyptian pop,mahraganat",The Basement Records,0.754,0.423,4,-7.685,0,0.176,0.201,0,0.0795,0.33,147.119,4
spotify:track:428jaX27ZFdS1kvDu56YXX,BIG MAFIA,BIG MAFIA,Marwan Moussa,2021-12-29,208557,0,false,,2025-04-27T19:45:04Z,"egyptian hip hop,arabic hip hop,egyptian pop,mahraganat",The Basement Records,0.969,0.487,9,-5.976,0,0.125,0.336,0,0.0962,0.459,121.96,4
spotify:track:0B4dVqagONgYQ4L7Gme6rN,Beeny we Beenek,Beeny we Beenek,Marwan Moussa,2022-02-15,160000,38,false,,2025-04-27T19:45:00Z,"egyptian hip hop,arabic hip hop,egyptian pop,mahraganat",The Basement Records,0.658,0.223,5,-15.577,0,0.0346,0.593,0,0.117,0.127,99.013,4
spotify:track:615yIBsABjpxbMLVXqYQgt,Adriana Lima,Adriana Lima,Marwan Moussa,2022-03-23,181392,38,false,,2025-04-27T19:44:51Z,"egyptian hip hop,arabic hip hop,egyptian pop,mahraganat",The Basement Records,0.7,0.505,11,-10.302,0,0.111,0.268,0,0.267,0.36,89.981,4
spotify:track:2PCSAQsUfYMnmWZ4Tmkqme,بانوراما,عقد احتراف,Marwan Moussa;Karim Enzo;Yonyo,2022-06-17,345435,31,false,,2025-04-27T19:44:49Z,"egyptian hip hop,arabic hip hop,egyptian pop,mahraganat",The Basement Records,0.529,0.642,8,-8.608,1,0.197,0.311,0.00000212,0.144,0.668,149.97,4
spotify:track:2E2ZmCeuHrHOECN01QhN0A,بطل عالم,عقد احتراف,Marwan Moussa,2022-06-17,183783,51,false,,2025-04-27T19:44:47Z,"egyptian hip hop,arabic hip hop,egyptian pop,mahraganat",The Basement Records,0.879,0.505,10,-6.658,1,0.0636,0.193,0.000134,0.0894,0.71,110.991,4
spotify:track:6AWF8puOSMgTbxnd8mtuTG,VOLT 3ALY,IMPORT//EXPORT,Marwan Moussa,2023-09-03,208000,0,false,,2025-04-27T19:44:27Z,"egyptian hip hop,arabic hip hop,egyptian pop,mahraganat",The Basement Records,0.734,0.656,6,-7.179,0,0.0391,0.102,0,0.118,0.241,115.989,4
spotify:track:15lgnDg0wa4gXWpts60aOF,7OB KHENA2,IMPORT//EXPORT,Marwan Moussa,2023-09-03,224874,0,false,,2025-04-27T19:44:24Z,"egyptian hip hop,arabic hip hop,egyptian pop,mahraganat",The Basement Records,0.807,0.526,6,-8.941,0,0.122,0.0747,0.0000486,0.0665,0.65,141.051,4
spotify:track:7t2VGVXc2VxGB062e36uQy,RO7 3ALATOL,IMPORT//EXPORT,Marwan Moussa,2023-09-03,217500,0,false,,2025-04-27T19:44:23Z,"egyptian hip hop,arabic hip hop,egyptian pop,mahraganat",The Basement Records,0.724,0.537,7,-10.957,1,0.267,0.609,0.00000106,0.731,0.697,139.971,4
spotify:track:2yesHMGbLDTKnvGkedEXjo,BOS EZAY,IMPORT//EXPORT,Marwan Moussa,2023-09-03,210541,0,false,,2025-04-27T19:44:21Z,"egyptian hip hop,arabic hip hop,egyptian pop,mahraganat",The Basement Records,0.787,0.597,1,-8.192,1,0.0729,0.189,0.002,0.132,0.387,162.974,4
spotify:track:7bHLhelEYKQPnRPFmyzOyH,DKHOOL\\KHROOG,IMPORT//EXPORT,Marwan Moussa,2023-09-03,165511,0,false,,2025-04-27T19:41:22Z,"egyptian hip hop,arabic hip hop,egyptian pop,mahraganat",The Basement Records,0.692,0.68,2,-8.177,1,0.362,0.536,0.0797,0.32,0.724,159.073,4
spotify:track:5Q7wSLrCf2z6isQqDuuqeY,AMOT ANA,مرحلة الإنكار,Marwan Moussa,2024-08-05,225714,0,false,,2025-04-27T19:41:15Z,"egyptian hip hop,arabic hip hop,egyptian pop,mahraganat",The Basement Records,0.591,0.477,8,-8.206,0,0.0425,0.821,0.00797,0.143,0.369,146.154,4
spotify:track:6SBv0Z2UG5lkdJPWIarKj0,الدنيا ايه,الدنيا ايه,Wegz,2023-06-22,218718,25,false,,2025-04-27T05:57:59Z,"egyptian hip hop,arabic hip hop,egyptian pop,mahraganat",Takwene,0.732,0.485,10,-9.81,0,0.345,0.51,0.00000191,0.127,0.542,159.925,4
spotify:track:2ibQzwLwDgrFJ7Z5SRpoQX,Kaas - Freestyle,Kaas - Freestyle,Marwan Pablo,2019-06-17,172036,49,false,,2025-04-27T03:54:15Z,"egyptian hip hop,arabic hip hop,egyptian pop,mahraganat",Quality Clique,0.811,0.663,5,-7.884,1,0.283,0.00436,0,0.161,0.676,145.139,4
spotify:track:71NxDRVhiagwxQX1tyMzUR,Ya Salam,Beeny we Beenek,Marwan Moussa,2022-02-15,276000,35,false,,2025-04-27T03:38:54Z,"egyptian hip hop,arabic hip hop,egyptian pop,mahraganat",The Basement Records,0.698,0.58,10,-9.844,0,0.289,0.344,0,0.536,0.207,173.988,4
spotify:track:5b9NxUTRD7tlbKPwamLshj,Dasani,Florida,Marwan Moussa,2021-01-01,192000,0,false,,2025-04-27T03:35:39Z,"egyptian hip hop,arabic hip hop,egyptian pop,mahraganat",The Basement Records,0.952,0.236,4,-12.55,0,0.145,0.102,0,0.103,0.523,106.011,4
spotify:track:65BnqScEUQeNnZxIhNf5jb,SINdBAD,Sindbad,Marwan Pablo,2019-01-04,218666,55,false,,2025-04-27T03:34:42Z,"egyptian hip hop,arabic hip hop,egyptian pop,mahraganat",Quality Clique,0.747,0.774,3,-7.633,0,0.15,0.105,0.0000477,0.319,0.604,134.987,4
spotify:track:1UBV1JRYrzWwzmFsEQq3Ea,نهاية العالم,نهاية العالم,Marwan Moussa,2019-09-06,222000,43,true,,2025-04-27T03:24:20Z,"egyptian hip hop,arabic hip hop,egyptian pop,mahraganat",Blue Check Entertainment,0.733,0.906,1,-5.81,0,0.262,0.281,0,0.12,0.539,147.966,4
spotify:track:3a1KwPqJL6KPanIIQDOExQ,النظام,النظام,Marwan Moussa,2019-08-09,219167,29,true,,2025-04-27T03:11:22Z,"egyptian hip hop,arabic hip hop,egyptian pop,mahraganat",Blue Check Entertainment,0.735,0.8,10,-5.789,0,0.0658,0.261,0.00000628,0.0676,0.797,181.904,4
spotify:track:7sQFn0uN2Gimf8kRJRwCOt,مش هكذب عليك,مش هكذب عليك,Marwan Moussa,2019-07-26,268000,30,false,,2025-04-27T03:11:09Z,"egyptian hip hop,arabic hip hop,egyptian pop,mahraganat",Blue Check Entertainment,0.793,0.428,11,-14.65,0,0.117,0.606,0,0.101,0.486,118.159,4
spotify:track:4U7uW9KlqalDKu8ff9OyDm,Aloomek,Beeny we Beenek,Marwan Moussa,2022-02-15,306790,57,false,,2025-04-27T03:03:16Z,"egyptian hip hop,arabic hip hop,egyptian pop,mahraganat",The Basement Records,0.84,0.327,6,-11.83,0,0.306,0.651,0,0.105,0.367,137.96,4
spotify:track:1ccv4yQDq8ouWV3fhwlVIX,Blue Moon,Dream with Dean,Dean Martin,1964,187210,55,false,,2025-04-23T11:12:42Z,"christmas,adult standards,big band,swing music",Legacy Recordings,0.416,0.0465,0,-15.565,1,0.0397,0.979,0.0000254,0.0978,0.236,134.045,4
spotify:track:3npe0zZwMvwPDrDy3ounLl,AMAN (Intro),آخر قطعة فنية,Marwan Pablo,2023-11-27,178026,43,true,,2025-04-17T14:07:13Z,"egyptian hip hop,arabic hip hop,egyptian pop,mahraganat",Quality Clique,0.631,0.714,5,-7.901,1,0.246,0.0299,0.0000593,0.325,0.288,87.013,4
spotify:track:3LIvkJqC0gMlyl3MZrOps1,Ab3ad Mada,Red Bull Mazzika Salonat,Marwan Pablo;Molotof,2024-10-31,185619,46,false,,2025-04-17T13:33:10Z,"egyptian hip hop,arabic hip hop,egyptian pop,mahraganat",Red Bull Egypt,0.694,0.72,9,-8.421,1,0.0386,0.276,0.00000221,0.127,0.493,130.022,4
spotify:track:1c7JhhUshd4nDkMJfFvVhP,BERKA (BONUS),MA3KOOS,HADY MOAMER;TUL8TE;R3;Tayeb Santo,2024-10-17,230654,36,false,,2025-04-16T17:24:16Z,"egyptian hip hop,arabic hip hop,egyptian pop",Leqleem,0.816,0.806,2,-8.164,1,0.09,0.0606,0,0.111,0.815,106.043,4
spotify:track:00f5qx5k4ywpdz2XMBY2O2,من سنين - Mn Sneen,كي.أوه (K.O),Karim Osama;Riff,2024-02-09,139206,40,false,,2025-04-16T17:03:11Z,"egyptian hip hop,arabic hip hop,egyptian pop,mahraganat",Sony Music Entertainment,0.666,0.675,5,-8.353,0,0.188,0.511,0.0000117,0.164,0.343,100.062,4
spotify:track:25hi5tqJf1GfveyaopWZbF,Mish Aflam,"Jdeed, Vol. 1",Al Nather;Shabjdeed;Lady,2019-01-15,186044,36,true,,2025-04-16T14:39:48Z,"arabic hip hop,egyptian hip hop,krautrock",BLTNM,0.745,0.644,5,-9.036,1,0.104,0.518,0,0.373,0.52,104.002,4
spotify:track:7tGfmxSnBNZjZmOkjGqsbH,Arab Milan 2 (ف أي Zona),Arab Milan 2 (ف أي Zona),One ZizO,2022-12-29,173333,27,true,,2025-04-16T11:38:01Z,"egyptian hip hop,arabic hip hop",3500112 Records DK,0.766,0.741,11,-7.725,1,0.237,0.517,0.0000467,0.0924,0.79,144.11,4
spotify:track:76gcXhY3Zv6wW0BTe9nHJo,TIL FURTHER NOTICE (feat. James Blake & 21 Savage),UTOPIA,Travis Scott;James Blake;21 Savage,2023-07-28,314836,75,true,,2025-04-12T14:48:07Z,rap,Cactus Jack/Epic,0.65,0.659,3,-6.522,0,0.123,0.174,0.00772,0.126,0.154,76.985,4
spotify:track:6FWkPfUs133WdtCoyMU8KX,هل لك سر عند الله,هل لك سر عند الله,Mishari Rashid Alafasy,2024-04-09,105650,39,false,,2025-04-07T05:02:37Z,sholawat,Alfan Music,0.417,0.102,3,-10.474,0,0.04,0.87,0,0.104,0.426,107.306,4
spotify:track:1EJZdmYYP7KGtzfGGHpzDQ,الله عطانا,قمري,Mishari Rashid Alafasy,2015-07-01,164838,16,false,,2025-04-07T03:42:33Z,sholawat,Alfan Music,0.413,0.19,10,-9.664,0,0.0323,0.853,0,0.235,0.322,118.236,5
spotify:track:5oayRbNxGsXfgBNZ6ab3n1,أيا من يدعي الفهم,أيا من يدعي الفهم,Mishari Rashid Alafasy,2022-11-02,244041,58,false,,2025-04-07T03:42:31Z,sholawat,Alfan Music,0.6,0.234,11,-9.322,0,0.174,0.848,0,0.101,0.606,148.117,3
spotify:track:6iHXsCGRFLOTu6gse4aYtZ,المصطفى,ألبوم مشاري العفاسي 2020,Mishari Rashid Alafasy,2020-05-07,200145,49,false,,2025-04-07T03:42:29Z,sholawat,Alfan Music,0.319,0.288,8,-8.348,0,0.0344,0.874,0,0.186,0.452,172.462,4
spotify:track:337kcYVjYXdLBItCw9ry3b,Overseas,Home Alone 2,D-Block Europe;Central Cee,2021-11-19,222154,68,true,,2025-04-03T17:22:47Z,"grime,uk drill,drill,uk grime",D-Block Europe,0.838,0.623,8,-7.524,0,0.354,0.532,0,0.307,0.811,135.935,4
spotify:track:74VR3AkGPhbYXnxcOYa16x,Strangers In The Night,Strangers In The Night (Expanded Edition),Frank Sinatra,1966-05,157866,75,false,,2025-03-31T01:54:04Z,"christmas,big band,adult standards,swing music,jazz,vocal jazz",FRANK SINATRA DIGITAL REPRISE,0.259,0.473,5,-8.275,1,0.0295,0.592,0,0.201,0.539,90.348,4
spotify:track:6Yk3zs9ZAYaOFBxZ8FSyBF,Marbah,Marbah,Shabjdeed;Shabmouri,2019-07-04,222000,45,true,,2025-03-30T19:48:52Z,"arabic hip hop,egyptian hip hop",BLTNM,0.753,0.379,7,-12.01,0,0.335,0.466,0.00126,0.111,0.0792,139.981,4
spotify:track:1Yv6PMPkvLdCIFbm9kanaz,Autumn Leaves - Remastered 1999,Where Are You? (Remastered / Expanded Edition),Frank Sinatra,1957-09,172866,56,false,,2025-03-30T18:36:06Z,"christmas,big band,adult standards,swing music,jazz,vocal jazz",Capitol Records,0.216,0.105,2,-17.766,0,0.0319,0.868,0.0000484,0.181,0.0774,81.422,4
spotify:track:3WUrF9lZ4QcRIbHauKD7Al,"Chopin: 12 Études, Op. 10: No. 4 in C-Sharp Minor","Chopin: Études, Op. 10 & 25",Frédéric Chopin;Nikolai Lugansky,2000-01-01,119560,15,false,,2025-03-18T00:04:24Z,"classical piano,classical,impressionism",Warner Classics International,0.273,0.21,1,-20.687,0,0.0318,0.985,0.914,0.152,0.52,170.428,4
spotify:track:2Dd2zfTpZ4zgqWeCTTi2by,"24 Préludes, Op. 28: No. 4, Largo",Chopin: Préludes,Frédéric Chopin;Alexandre Tharaud,2008-02-08,131200,55,false,,2025-03-17T23:58:50Z,"classical piano,classical,impressionism",harmonia mundi,0.427,0.0164,5,-25.933,1,0.0488,0.991,0.866,0.116,0.0364,111.902,5
spotify:track:7n92QzQomRCLlciO14X0kd,"Nocturne en Mi Bémol Majeur, Op. 9 No. 2","Chopin: Nocturnes, Vol. 1",Frédéric Chopin;Luis Fernando Pérez,2010-05-18,268426,61,false,,2025-03-17T23:58:43Z,"classical piano,classical",Mirare,0.427,0.0451,3,-24.698,1,0.041,0.99,0.913,0.112,0.0707,119.78,3
spotify:track:1Xf4sNtMKc1xiUhuIPAUg2,"Prélude in E minor, Op. 28, No. 4",The Pianist (Original Motion Picture Soundtrack),Frédéric Chopin;Janusz Olejniczak,2002-07-17,146760,61,false,,2025-03-17T23:58:15Z,"classical piano,classical",Sony Classical,0.388,0.00269,4,-32.97,0,0.0516,0.995,0.869,0.063,0.0397,63.386,4
spotify:track:2d6ml9Qkx8r4EjuUyrdpRV,"Nocturne No. 1 in B-Flat Minor, Op. 9 No. 1",Chopin: Nocturnes,Frédéric Chopin;Maurizio Pollini,2005-01-01,286986,64,false,,2025-03-17T23:58:07Z,"classical piano,classical",Deutsche Grammophon (DG),0.261,0.0149,1,-27.528,1,0.0419,0.992,0.897,0.102,0.0382,75.296,4
spotify:track:61YM5SkqqeUjIBL7It56cs,Nocturne Op. 9 No. 2,JUST THE BEST MUSIC Vol. 2 Solo Piano Relax Playlist,Frédéric Chopin;Olga Bordas,2015-01-21,302269,64,false,,2025-03-17T23:57:57Z,"classical piano,classical",RELAXINGMUSIC,0.446,0.0146,10,-31.047,1,0.12,0.991,0.945,0.116,0.0815,137.697,1
spotify:track:3q0PzJzDs16vYTY8Xz5z2B,"Nocturne No. 19 in E Minor, Op. 72 No. 1",Celebration of Chopin: Encore!,Frédéric Chopin;Benjamin Grosvenor,2024-12-16,241986,35,false,,2025-03-17T23:57:52Z,"classical piano,classical",UME - Global Clearing House,0.309,0.00735,4,-30.904,0,0.0361,0.991,0.952,0.0968,0.0924,65.879,4
spotify:track:2MSgFefjK0T7Iwjvr3OKqV,"Chopin: Nocturne No. 20 in C-Sharp Minor, Op. Posth.","Chopin: Piano Sonata No. 2, Nocturnes, Barcarolle & Scherzo",Frédéric Chopin;Mikhail Pletnev,2000-01-01,266200,69,false,,2025-03-17T23:54:19Z,"classical piano,classical",Warner Classics,0.225,0.0047,1,-30.928,0,0.0509,0.992,0.881,0.0722,0.186,163.665,4
spotify:track:71MpmxCJ1TW05c7Fvv1SfI,"Waltz No. 19 in A minor, Op. posth.","Chopin: Waltzes, etc.",Frédéric Chopin;Peter Jablonski,1995-01-01,132666,64,false,,2025-03-17T23:54:13Z,"classical piano,classical",Decca Music Group Ltd.,0.308,0.0261,9,-37.242,0,0.042,0.984,0.928,0.0749,0.148,69.156,4
spotify:track:1cdQIHMVCeGxupiraGwMzH,show me // something,show me // something,Gianni´s Humble,2023-12-11,201428,51,false,,2025-03-16T02:07:48Z,"jazz house,jazz",'94 Sounds LLC / 10K Projects,0.679,0.703,8,-8.168,1,0.0536,0.0278,0.437,0.189,0.357,144.004,4
spotify:track:4VQNCzfZ3MdHEwwErNXpBo,All Eyez On Me (ft. Big Syke),All Eyez On Me,2Pac;Big Syke,1996-02-13,307773,83,true,,2025-02-27T23:50:13Z,"old school hip hop,gangster rap,west coast hip hop,g-funk,hip hop","Amaru Entertainment, Inc./Interscope Records",0.872,0.723,1,-5.968,1,0.247,0.0293,0,0.327,0.843,93.279,4
spotify:track:2aCd0Ulx6YIIhRAbhQnK3B,Babydoll x The perfect girl,Babydoll x The perfect girl,Ren,2023-05-23,93701,0,false,,2025-02-27T08:33:04Z,,Ren&Notenn,0.482,0.712,8,-8.265,1,0.0712,0.111,0.00175,0.695,0.771,137.644,4
spotify:track:4n7IYAmrAFXjoKgxwBdOtI,Stereo Love (Hardstyle Remix),Stereo Love (Hardstyle Remix),Rick.staneke;Dj Rikkert;jessedekreij,2022-08-22,221414,0,false,,2025-02-21T22:09:29Z,hardstyle,Stereo Love (Hardstyle Remix),0.233,0.758,9,-6.702,1,0.079,0.201,0.000387,0.212,0.174,150.664,4
spotify:track:30WYlOTUkGayw4Qo4Y9sYX,Ebb Tide,Mask of the Muse,Ben Flocks,2019-08-16,186080,52,false,,2025-02-17T16:52:25Z,jazz,West Cliff Records,0.179,0.211,5,-11.936,1,0.0326,0.896,0.76,0.431,0.231,174.248,3
spotify:track:5b7OgznPJJr1vHNYGyvxau,Fly Me To The Moon (In Other Words),Sinatra/Basie: The Complete Reprise Studio Recordings,Frank Sinatra;Count Basie,1962-12-10,147000,76,false,,2025-02-17T16:42:47Z,"christmas,big band,adult standards,swing music,jazz,vocal jazz",FRANK SINATRA DIGITAL REPRISE,0.668,0.26,7,-14.256,1,0.0523,0.453,0,0.0621,0.368,119.416,4
spotify:track:16u1uzODmSjeiT0lLSKWTy,MOZZA,مرحلة الإنكار,Marwan Moussa,2024-08-05,148767,0,false,,2025-02-13T14:45:02Z,"egyptian hip hop,arabic hip hop,egyptian pop,mahraganat",The Basement Records,0.702,0.774,1,-9.132,1,0.186,0.792,0.00923,0.267,0.417,105.014,4
spotify:track:19Kw7s5Fz9hnLa6oHBsoOv,SAWA,TESH SHABAB,TUL8TE;SARAH,2024-02-22,109931,47,false,,2025-02-13T12:04:25Z,"egyptian hip hop,egyptian pop,arabic hip hop","Vinyl Entertainment, a Division of RaxRecords Music Group",0.573,0.436,4,-10.711,0,0.0323,0.876,0.0121,0.0775,0.24,110.977,4
spotify:track:3lkbtajTLewHXW99z4qzd5,TOOLATE,TESH SHABAB,TUL8TE,2024-02-22,145500,47,false,,2025-02-13T12:01:29Z,"egyptian hip hop,egyptian pop,arabic hip hop","Vinyl Entertainment, a Division of RaxRecords Music Group",0.445,0.615,10,-9.187,0,0.217,0.625,0.00000832,0.112,0.552,125.776,1
spotify:track:0Ulz2wRI9BVaeqn38NVj1y,We Flex,We Flex,Intomymind;DizzyTooSkinny;Shady;8lind,2021-11-08,228661,0,true,,2025-02-07T16:13:53Z,"egyptian hip hop,arabic hip hop,egyptian pop",WKS LTD,0.643,0.53,10,-8.149,0,0.0547,0.0467,0,0.226,0.25,99.968,4
spotify:track:4dd7hkuqTSkpSrEkhEB4YV,Love In Portofino,Love In Portofino,Dalida,1959-12-01,182253,60,false,,2025-02-07T11:50:23Z,"variété française,chanson",Universal Music Division Barclay,0.344,0.263,8,-11.472,0,0.0348,0.71,0,0.139,0.498,179.17,4
spotify:track:7ADt67nRewsfODDmCuhtQl,ليه بنخبي و مش بنقول,كوكتيل غنائي للفنان تووليت حصرياً لحبايب قلبي,TUL8TE,2024-07-25,189320,62,false,,2025-02-05T22:20:20Z,"egyptian hip hop,egyptian pop,arabic hip hop",MDLBEAST Records,0.747,0.657,10,-8.184,0,0.0471,0.282,0.0131,0.111,0.648,144.209,4
spotify:track:3J2WUEn6oFN8eDPZov7w9I,deep in it,deep in it,berlioz;Ted Jasper,2023-03-10,154862,2,false,,2025-02-03T11:46:25Z,"jazz house,jazz",berlioz,0.567,0.415,3,-11.901,0,0.0499,0.972,0.885,0.0999,0.273,118.967,4
spotify:track:2qBmtZnPSQouvADmqaHKxk,Million Years Ago,25,Adele,2015-11-20,227065,66,false,,2025-02-01T21:26:20Z,soft pop,XL Recordings,0.72,0.274,1,-7.623,0,0.0276,0.742,0,0.11,0.179,105.929,4
spotify:track:4xunzWgP8Dson9yaoOcBZ8,Sway,BD Music Presents Dean Martin,Dean Martin,2007-06-25,164986,49,false,,2025-01-31T11:35:39Z,"christmas,adult standards,big band,swing music",BDMUSIC,0.603,0.224,7,-13.342,0,0.0376,0.75,0.00000135,0.0701,0.583,119.664,4
spotify:track:2uFaJJtFpPDc5Pa95XzTvg,Let It Snow! Let It Snow! Let It Snow!,A Winter Romance,Dean Martin,1959-01-01,117146,64,false,,2025-01-31T11:27:23Z,"christmas,adult standards,big band,swing music",Capitol Records,0.451,0.241,1,-14.014,1,0.0352,0.912,0.00000266,0.175,0.698,134.009,4
spotify:track:3x6wVKXfCm85Pw7gYo0rqq,That's Amore,The Capitol Years,Dean Martin,1989-01-01,188266,56,false,,2025-01-30T19:05:00Z,"christmas,adult standards,big band,swing music",Capitol Records,0.407,0.17,10,-13.409,1,0.0341,0.76,0,0.0737,0.577,124.047,4
spotify:track:3oD7SPWarnwIvMHy0A3bAE,LAMA BETETGANEN,TESH SHABAB,TUL8TE,2024-02-22,169500,37,false,,2025-01-28T18:57:18Z,"egyptian hip hop,egyptian pop,arabic hip hop",Abu Recordings,0.818,0.831,5,-5.296,1,0.0417,0.696,0.000738,0.16,0.883,135.959,4
spotify:track:3M0lSi5WW79CXQamgSBIjx,Swim,Chase Atlantic,Chase Atlantic,2017-10-04,228786,87,true,,2025-01-25T06:37:08Z,,Warner Records,0.666,0.542,8,-6.429,1,0.0392,0.27,0,0.0765,0.0771,120.134,4
spotify:track:7KOY14bNmNOdeNjkFsc0Q0,Timeless - Slowed + Reverb,Timeless,skyemane;Sapphink,2024-10-07,285389,42,true,,2025-01-25T06:37:07Z,,"skyemane, Sapphink",0.77,0.666,11,-8.635,0,0.0353,0.0314,0.00000383,0.0861,0.136,106.798,4
spotify:track:1Es7AUAhQvapIcoh3qMKDL,Timeless (feat. Playboi Carti),Timeless,The Weeknd;Playboi Carti,2024-09-27,256000,14,true,,2025-01-25T06:37:04Z,rage rap,XO / Republic Records,0.769,0.722,11,-5.485,0,0.0507,0.0584,0.00000256,0.111,0.57,119.973,4
spotify:track:32XfunqeIBVB5XhvRzGjsn,LAMA BETETGANEN,TESH SHABAB,TUL8TE,2024-02-22,169500,59,false,,2025-01-22T13:37:07Z,"egyptian hip hop,egyptian pop,arabic hip hop","Vinyl Entertainment, a Division of RaxRecords Music Group",0.818,0.83,5,-5.296,1,0.0416,0.696,0.000738,0.16,0.889,135.959,4
spotify:track:66AGXOI1NENOCWVGuERCqa,Fel Galeed,Placebo,Lege-Cy,2024-01-04,187373,54,false,,2025-01-14T18:00:57Z,"egyptian hip hop,arabic hip hop,egyptian pop",Takwene,0.589,0.731,3,-5.771,0,0.0739,0.609,0.0000049,0.393,0.657,119.947,4
spotify:track:2hP83tdgkvVWfnrAMaPLQt,مفيش عصفور بيعادي نسور,مفيش عصفور بيعادي نسور,محمد البصيلي,2024-11-06,200040,12,false,,2025-01-14T18:00:44Z,"mahraganat,khaleeji,egyptian pop,dub",محمد البصيلي,0.75,0.923,0,-4.248,0,0.0804,0.219,0,0.398,0.619,119.906,4
spotify:track:7gbxlFi1JhGCCNOJPwdUQ1,زميلي كداب,زميلي كداب,Eslam Kabonga;كلوشه,2024-11-12,377126,35,false,,2025-01-14T18:00:37Z,"mahraganat,dub,egyptian pop",Thanks - Music,0.804,0.86,0,-1.922,1,0.0478,0.303,0.00000321,0.348,0.86,107.013,4
spotify:track:11dHZLY9Rfz8mPnydmSzwY,لما تضلم,لما تضلم,Eldab3,2020-08-27,166874,24,true,,2025-01-14T06:18:22Z,"egyptian hip hop,arabic hip hop,egyptian pop,mahraganat",eldab3,0.91,0.261,4,-13.05,0,0.216,0.173,0.0224,0.09,0.304,94.01,4
spotify:track:4zFqOjoUC4aJyD9V7npWNH,EMSHI,Wrangler Beda,ZIAD ZAZA,2023-02-28,220235,49,false,,2025-01-14T05:09:03Z,"egyptian hip hop,arabic hip hop,egyptian pop,mahraganat",Global,0.684,0.437,6,-9.195,0,0.0342,0.497,0.269,0.273,0.175,85.015,4
spotify:track:0kJa375yREkEv5W3Ldec7z,ATTA3,ATTA3,Lella Fadda;Abyusif,2024-07-12,146929,48,false,,2025-01-14T05:01:07Z,"egyptian hip hop,arabic hip hop,egyptian pop,mahraganat",Lella Fada,0.841,0.573,0,-8.444,1,0.0591,0.095,0.000167,0.437,0.83,111.022,4
spotify:track:5wQbMKn21YLtviGNWFmhpV,OGRA,OGRA,Xander Ghost;Marwan Pablo,2023-03-02,213158,51,false,,2024-12-08T16:09:24Z,"egyptian hip hop,arabic hip hop,egyptian pop,mahraganat",The Basement Records,0.703,0.587,11,-9.97,0,0.0599,0.476,0.00568,0.118,0.17,115.028,4
spotify:track:6AQ9jCRVpOHBbNslEm3ndk,Ich Liebe Es,آخر قطعة فنية,Marwan Pablo;A.L.A,2023-11-27,167286,45,false,,2024-12-08T16:09:15Z,"egyptian hip hop,arabic hip hop,egyptian pop,mahraganat,moroccan rap,moroccan pop",Quality Clique,0.897,0.658,7,-6.059,0,0.081,0.301,0.00166,0.117,0.739,115.055,4
spotify:track:2rTyn90zxRJdSRxy7ptEEb,DDDD,آخر قطعة فنية,Marwan Pablo,2023-11-27,135669,47,false,,2024-12-08T16:09:12Z,"egyptian hip hop,arabic hip hop,egyptian pop,mahraganat",Quality Clique,0.78,0.644,1,-7.519,1,0.0642,0.116,0.00000241,0.113,0.0661,145.015,4
spotify:track:0SD4r13aWNQCxHYnpzMBDc,3ayz Fin,3ayz Fin,Marwan Pablo,2018-04-25,212432,0,false,,2024-12-04T23:32:44Z,"egyptian hip hop,arabic hip hop,egyptian pop,mahraganat",Quality Clique,0.625,0.634,10,-7.89,0,0.148,0.0249,0.691,0.151,0.278,147.947,4
spotify:track:1wetPexa7Uyfz6pWaltdEA,Gaw Br2,Dah Msh Rap,Abyusif,2013-01-01,156734,45,false,,2024-12-04T22:49:52Z,"egyptian hip hop,arabic hip hop,egyptian pop,mahraganat",Abyusif,0.633,0.833,1,-3.547,1,0.201,0.0964,0.0000232,0.117,0.336,97.686,4
spotify:track:3j5XyebVOoFAG7i2b5rAub,3azra2eel,Wa7ed Wa7ed,Abyusif,2018-07-15,164757,48,false,,2024-12-04T22:40:55Z,"egyptian hip hop,arabic hip hop,egyptian pop,mahraganat",Abyusif,0.682,0.866,11,-6.271,0,0.391,0.419,0,0.566,0.817,93.54,4
spotify:track:7AzlLxHn24DxjgQX73F9fU,No Idea,Heaven Or Hell,Don Toliver,2020-03-13,154424,84,false,,2024-12-01T16:01:34Z,,We Run It Ent./Cactus Jack/Atlantic,0.652,0.631,6,-5.718,0,0.0893,0.524,0.000579,0.165,0.35,127.998,4
spotify:track:2Hh3ETdQKrmSI3QS0hme7g,Too Many Nights (feat. Don Toliver & with Future),HEROES & VILLAINS,Metro Boomin;Future;Don Toliver,2022-12-02,199920,86,true,,2024-12-01T16:01:33Z,"rap,trap",Republic Records,0.573,0.668,7,-4.356,0,0.0467,0.189,0.0000401,0.109,0.145,87.973,4
spotify:track:0eaVIYo2zeOaGJeqZ5TwYz,No Pole,Love Sick (Deluxe),Don Toliver,2023-02-28,187613,89,true,,2024-12-01T16:01:29Z,,Cactus Jack / Atlantic,0.328,0.631,5,-5.169,0,0.0465,0.0714,0,0.567,0.382,85.262,4
spotify:track:5wG3HvLhF6Y5KTGlK0IW3J,Trance (with Travis Scott & Young Thug),HEROES & VILLAINS,Metro Boomin;Travis Scott;Young Thug,2022-12-02,194786,84,true,,2024-12-01T15:15:40Z,"rap,melodic rap,trap",Republic Records,0.765,0.552,1,-7.524,0,0.309,0.175,0,0.193,0.492,119.476,4
spotify:track:1jKXjxMWlq4BhH6f9GtZbu,TORE UP,HARDSTONE PSYCHO,Don Toliver,2024-06-14,126986,80,true,,2024-12-01T15:12:21Z,,Cactus Jack / Atlantic,0.534,0.819,11,-4.329,1,0.038,0.0012,0.0011,0.112,0.0806,154.994,4
spotify:track:3UYVG7qUZEghr6kOrWtpML,Mat,Mat,El Waili,2020-03-24,183657,0,false,,2024-12-01T15:12:15Z,"egyptian hip hop,arabic hip hop,egyptian pop,mahraganat",Modissa - EL Waili,0.789,0.516,7,-9.471,1,0.0361,0.647,0.751,0.112,0.475,114.98,4
spotify:track:361FgPnhdBh4y4l4uIuKW9,NATARQA,EZ,ZIAD ZAZA;TURK,2024-09-05,121621,43,false,,2024-12-01T15:12:09Z,"egyptian hip hop,arabic hip hop,egyptian pop,mahraganat",Global,0.799,0.538,0,-8.091,0,0.23,0.42,0.00234,0.0946,0.332,148.085,4
spotify:track:0BxE4FqsDD1Ot4YuBXwAPp,505,Favourite Worst Nightmare,Arctic Monkeys,2007-04-22,253586,90,false,,2024-12-01T13:07:09Z,"indie,garage rock",Domino Recording Co,0.526,0.866,0,-5.822,1,0.0568,0.00287,0.0000778,0.0945,0.248,140.266,4
spotify:track:5ETFNSZAqO6A66VrgXkd6v,KARMA,7OB&KASHAT,Marwan Pablo;Abyusif,2024-11-29,174902,60,false,,2024-12-01T13:06:38Z,"egyptian hip hop,arabic hip hop,egyptian pop,mahraganat",Quality Clique,0.75,0.777,4,-5.613,0,0.0617,0.259,0,0.404,0.635,122.013,4
spotify:track:1FkJ5Jq5gnW7hPoXWJDKlr,TUTU,7OB&KASHAT,Marwan Pablo;Abyusif,2024-11-29,164050,44,true,,2024-12-01T13:06:34Z,"egyptian hip hop,arabic hip hop,egyptian pop,mahraganat",Quality Clique,0.753,0.798,2,-5.121,1,0.23,0.00766,0.0000539,0.311,0.602,158.039,4
spotify:track:21TIB9PQeyzA0PG2BZHU3a,SMCKDAT,7OB&KASHAT,Marwan Pablo;Abyusif,2024-11-29,161750,46,false,,2024-12-01T13:06:30Z,"egyptian hip hop,arabic hip hop,egyptian pop,mahraganat",Quality Clique,0.664,0.668,2,-6.792,1,0.115,0.0185,0.00000248,0.2,0.38,125.038,4
spotify:track:2OEcttigkXv11LYWFQi7ua,Diva,7OB&KASHAT,Marwan Pablo;Abyusif,2024-11-29,172307,46,false,,2024-12-01T13:06:29Z,"egyptian hip hop,arabic hip hop,egyptian pop,mahraganat",Quality Clique,0.571,0.81,2,-7.03,0,0.377,0.189,0.0000212,0.425,0.378,156.163,4
spotify:track:2epv0Qcqn21L9JD4oawKxQ,MTMSHISH,7OB&KASHAT,Marwan Pablo;Abyusif,2024-11-29,173714,52,false,,2024-12-01T13:06:22Z,"egyptian hip hop,arabic hip hop,egyptian pop,mahraganat",Quality Clique,0.486,0.848,1,-5.432,0,0.204,0.407,0.00000175,0.143,0.543,104.86,4
spotify:track:2QjOHCTQ1Jl3zawyYOpxh6,Sweater Weather,I Love You.,The Neighbourhood,2013-04-22,240400,94,false,,2024-11-30T19:56:02Z,,Columbia,0.612,0.807,10,-2.81,1,0.0336,0.0495,0.0177,0.101,0.398,124.053,4
spotify:track:0YThXX1dqUpYBLyJNAsF9N,If We Being Rëal,2093,Yeat,2024-02-16,172500,77,true,,2024-11-28T13:23:40Z,rage rap,Field Trip Recordings/Capitol Records,0.457,0.499,1,-6.67,1,0.0334,0.247,0.0000634,0.171,0.0348,127.95,4
spotify:track:17vVm6v7GE2tP2KRVbCwqv,U Should Know,2093,Yeat,2024-02-16,186474,60,true,,2024-11-28T13:23:24Z,rage rap,Field Trip Recordings/Capitol Records,0.681,0.75,7,-10.931,1,0.0849,0.081,0.00664,0.246,0.401,139.002,4
spotify:track:07q0QVgO56EorrSGHC48y3,I Was Made For Lovin' You,Dynasty,KISS,1979-03-23,271240,89,false,,2024-11-28T13:20:38Z,"glam rock,glam metal,hard rock,rock,classic rock",Casablanca Records,0.768,0.852,4,-6.215,1,0.038,0.214,0.0000736,0.0723,0.867,128.373,4
spotify:track:4g0qmc5UKnHhAjqof7kPOA,تررن,تررن,DizzyTooSkinny;Intomymind,2022-06-23,149072,0,false,,2024-11-27T12:14:25Z,"egyptian hip hop,arabic hip hop,egyptian pop",Dizzy,0.729,0.827,9,-8.346,1,0.299,0.116,0.00000103,0.085,0.942,95.037,4
spotify:track:25l5oiVqK4O57ouUlWXSAm,LSD,LSD,Intomymind;DizzyTooSkinny,2021-11-08,185524,0,true,,2024-11-24T02:53:56Z,"egyptian hip hop,arabic hip hop,egyptian pop",WKS LTD,0.662,0.497,8,-11.883,1,0.0496,0.0178,0,0.268,0.271,137.917,4
spotify:track:5r3P9EYcEsT2asGaYdDZM6,Skuda,Skuda,Intomymind;DizzyTooSkinny,2021-11-08,278816,0,true,,2024-11-24T02:53:55Z,"egyptian hip hop,arabic hip hop,egyptian pop",WKS LTD,0.734,0.636,0,-8.495,1,0.323,0.0491,0,0.254,0.229,115.957,4
spotify:track:4kjI1gwQZRKNDkw1nI475M,MY EYES,UTOPIA,Travis Scott,2023-07-28,251249,82,true,,2024-11-21T15:04:22Z,rap,Cactus Jack/Epic,0.455,0.621,0,-7.694,0,0.0517,0.651,0.00000259,0.123,0.28,119.043,4
spotify:track:3gPjFjCu1F5BiL3nXFBlWv,Kalem El Matafy,Kalem El Matafy,Intomymind;Big Moe;Batistuta;Afroto;DizzyTooSkinny,2021-12-31,260245,0,false,,2024-11-21T14:26:22Z,"egyptian hip hop,arabic hip hop,egyptian pop,southern hip hop,mahraganat",WKS LTD,0.782,0.596,11,-8.445,0,0.293,0.0664,0,0.108,0.667,149.981,4
spotify:track:3iPX4IgXabzPHN458ZiM6Y,Pluto,Pluto,Intomymind;DizzyTooSkinny;Afroto,2021-11-08,201230,0,true,,2024-11-21T14:26:22Z,"egyptian hip hop,arabic hip hop,egyptian pop,mahraganat",WKS LTD,0.785,0.449,1,-7.806,1,0.0765,0.0381,0,0.193,0.295,130.077,4
spotify:track:0KQFzbhsLq2D70jiug9l2P,Risk,Risk,DizzyTooSkinny;Omar Keif,2022-06-19,222355,0,false,,2024-11-21T14:23:04Z,"egyptian hip hop,arabic hip hop,egyptian pop,mahraganat",DizzyTooSkinny,0.756,0.624,8,-7.047,0,0.0604,0.0834,0,0.129,0.49,94.995,4
spotify:track:1O0Pv7QdGbzEAUoMlIgnXR,STR3,STR3,DizzyTooSkinny;Omar Keif,2021-11-22,208285,0,false,,2024-11-21T14:23:04Z,"egyptian hip hop,arabic hip hop,egyptian pop,mahraganat",DizzyTooSkinny,0.423,0.613,2,-10.226,1,0.0859,0.0559,0,0.113,0.298,138.479,4
spotify:track:5gF2k94idQZlm5Dbe2HjoI,EL LOVE,ZAZA ELWASEEM,ZIAD ZAZA;DizzyTooSkiny,2023-07-31,187245,40,false,,2024-11-21T14:23:03Z,"egyptian hip hop,arabic hip hop,egyptian pop,mahraganat",Global,0.786,0.418,0,-9.123,1,0.203,0.392,0.00168,0.0957,0.432,139.024,4
spotify:track:1tMyC59QGMqKatuWLhvggu,Flash,3awdet Eldab3,Eldab3;Marwan Moussa,2023-05-05,212129,33,false,,2024-11-20T17:59:47Z,"egyptian hip hop,arabic hip hop,egyptian pop,mahraganat",The Basement Records,0.691,0.622,1,-9.487,1,0.0588,0.429,0,0.596,0.915,155.004,4
spotify:track:0yLSY8FHJc9beVaW34qLe0,Intro,Intro,DizzyTooSkinny,2022-02-10,124000,0,false,,2024-11-19T19:14:00Z,"egyptian hip hop,arabic hip hop,egyptian pop",DizzyTooSkinny,0.734,0.686,10,-8.245,0,0.0761,0.127,0.0000316,0.146,0.596,119.975,4
spotify:track:75yFPprFeDgXbvZ23wEpP4,Sultan,SULTAN,Shabjdeed;Al Nather,2024-02-29,188800,36,false,,2024-06-01T16:55:36Z,"arabic hip hop,egyptian hip hop",BLTNM Records LTD,0.726,0.76,7,-8.881,0,0.0548,0.195,0.0295,0.0701,0.447,149.997,4
spotify:track:1vcb5OCIZ7X7WfomgPgH4y,Rad Saree3,SULTAN,Shabjdeed;Al Nather;Riyadiyat,2024-02-29,270000,50,false,,2024-06-01T16:16:29Z,"arabic hip hop,egyptian hip hop",BLTNM Records LTD,0.747,0.639,8,-9,0,0.0946,0.252,0.306,0.134,0.781,132,4
spotify:track:2i6giSzSXbv6ByxD1EU2Lg,Tal Abib,SULTAN,Shabjdeed;Al Nather,2024-02-29,195096,47,false,,2024-06-01T16:02:35Z,"arabic hip hop,egyptian hip hop",BLTNM Records LTD,0.584,0.609,5,-10.076,0,0.0964,0.21,0.00148,0.106,0.495,155.122,4
spotify:track:51LSjPv4jHZCq7T7QfCzS7,Fe Swat,SULTAN,Shabjdeed;Al Nather,2024-02-29,168467,42,false,,2024-06-01T16:02:34Z,"arabic hip hop,egyptian hip hop",BLTNM Records LTD,0.62,0.508,4,-10.054,0,0.22,0.44,0.0000524,0.136,0.185,176.023,4
spotify:track:6woGdS0SdhSA1sWRhCCxEd,Nasheed,SULTAN,Shabjdeed;Al Nather,2024-02-29,126000,39,false,,2024-06-01T16:02:31Z,"arabic hip hop,egyptian hip hop",BLTNM Records LTD,0.664,0.521,4,-10.565,0,0.0324,0.108,0.0000384,0.0946,0.0569,120.01,4
spotify:track:3E0Br6hvgYqNrmevDx2bfz,ICE COLD,MAGHOOL,TUL8TE;HADY MOAMER,2023-05-25,170666,47,true,,2023-10-07T15:06:01Z,"egyptian hip hop,egyptian pop,arabic hip hop","Vinyl Entertainment, a Division of RaxRecords Music Group",0.64,0.897,9,-3.777,0,0.205,0.388,0.00000333,0.0731,0.707,90.005,4
spotify:track:7Jf64G0O9Ph9itNELN5v7C,BA2EENA GHORAB,MAGHOOL,TUL8TE,2023-05-25,187058,51,false,,2023-10-07T15:05:14Z,"egyptian hip hop,egyptian pop,arabic hip hop","Vinyl Entertainment, a Division of RaxRecords Music Group",0.74,0.767,9,-4.11,0,0.0297,0.424,0.394,0.145,0.549,136.005,4
spotify:track:2tGkpgqffPVPMY74kLCCHz,Madraseh,Sindibad el Ward,Al Nather;Shabjdeed,2019-08-18,214202,37,true,,2023-10-07T13:37:24Z,"arabic hip hop,egyptian hip hop",BLTNM,0.864,0.486,2,-8.581,0,0.0735,0.166,0.00000169,0.264,0.631,143.933,4
spotify:track:1R7v15nTIBu5fafo0aLOx8,Filim,Sindibad el Ward,Al Nather;Shabjdeed,2019-08-18,166108,33,true,,2023-10-07T13:13:08Z,"arabic hip hop,egyptian hip hop",BLTNM,0.75,0.497,8,-7.953,1,0.256,0.0499,0.00563,0.189,0.235,151.98,4
spotify:track:6J2SmEJJokW0It4eR2Y5ou,عنيا بتلمع,عنيا بتلمع,TUL8TE,2022-09-08,150618,0,false,,2023-10-06T15:00:02Z,"egyptian hip hop,egyptian pop,arabic hip hop",TUL8TE,0.749,0.805,10,-4.479,0,0.0639,0.123,0.046,0.153,0.672,130.93,4
spotify:track:347Buvq8cnd9h6DG4oHC4r,KAFAN,KAFAN,TUL8TE,2023-09-14,137323,0,false,,2023-10-04T15:32:56Z,"egyptian hip hop,egyptian pop,arabic hip hop","Vinyl Entertainment, a Division of RaxRecords Music Group",0.668,0.677,5,-4.162,1,0.203,0.14,0,0.0861,0.64,142.278,4
spotify:track:1wD9UmyvPSDVPaNDJwnPZu,ANONYMOUS,MAGHOOL,TUL8TE;Lege-Cy,2023-05-25,169459,51,true,,2023-10-04T14:54:36Z,"egyptian hip hop,egyptian pop,arabic hip hop","Vinyl Entertainment, a Division of RaxRecords Music Group",0.597,0.808,10,-3.916,0,0.165,0.256,0.0000152,0.311,0.794,147.82,4
spotify:track:0CRgG0KMoqW1IXdNdoswhF,NKD GLG,Sindibad el Ward,Al Nather;Shabjdeed,2019-08-18,220990,46,true,,2023-09-28T18:45:41Z,"arabic hip hop,egyptian hip hop",BLTNM,0.747,0.557,5,-6.982,1,0.0421,0.195,0,0.0812,0.645,144.149,4
spotify:track:0NTwzpLsMehANlhchCxVIt,Fi Harb,Fi Harb,Shabjdeed;Riyadiyat,2020-01-06,192375,52,true,,2023-09-28T18:45:37Z,"arabic hip hop,egyptian hip hop",BLTNM,0.787,0.543,10,-5.925,0,0.0641,0.331,0.0684,0.0841,0.226,139.993,4
spotify:track:1noMAtMiCtrTVFu5K3tXPg,Mtaktak,Sindibad el Ward,Al Nather;Shabjdeed,2019-08-18,153604,50,true,,2023-09-28T18:45:36Z,"arabic hip hop,egyptian hip hop",BLTNM,0.821,0.585,6,-7.429,0,0.183,0.778,0.00474,0.107,0.48,139.807,4
spotify:track:49Q9iUTUfl8ug3eDP9jMRO,Sindibad,Sindibad el Ward,Al Nather;Shabjdeed,2019-08-18,186568,52,true,,2023-09-28T18:45:35Z,"arabic hip hop,egyptian hip hop",BLTNM,0.799,0.735,11,-7.793,0,0.0597,0.201,0.00644,0.119,0.164,150.032,4
spotify:track:55LLrj5aARUqCLoDEwAp7v,Amrikkka,Amrikkka,Shabjdeed;Al Nather,2020-12-30,205980,59,true,,2023-09-28T18:45:31Z,"arabic hip hop,egyptian hip hop",BLTNM,0.75,0.787,7,-7.367,1,0.153,0.77,0.0000244,0.141,0.554,140.054,4
spotify:track:5V0OaLEx4KwYSWIQR9Obny,Ya Ali,Ya Ali,Shabjdeed;Al Nather,2021-10-28,179643,36,true,,2023-09-28T16:22:10Z,"arabic hip hop,egyptian hip hop",BLTNM,0.58,0.798,8,-6.894,1,0.0567,0.189,0.000106,0.0957,0.254,151.995,4
spotify:track:5hUJkjeGR4CCyMmMLt9iLx,KALBI,KALBI,Shabjdeed,2023-05-27,165899,34,false,,2023-09-28T16:12:57Z,"arabic hip hop,egyptian hip hop",BLTNM Records LTD,0.788,0.718,8,-7.299,1,0.147,0.408,0,0.0821,0.565,140.016,4
spotify:track:2UJs1ktIwYP38QL6zuiYD0,Bombakshen,Sindibad el Ward,Al Nather;Shabjdeed;Shabmouri,2019-08-18,190949,35,true,,2023-09-28T16:03:33Z,"arabic hip hop,egyptian hip hop",BLTNM,0.576,0.675,0,-7.673,0,0.0591,0.124,0.424,0.248,0.306,158.032,4
spotify:track:0xqXbsKJs9dRyIJBZRRNhJ,دكتور نفساني,دكتور نفساني,TUL8TE,2022-11-15,179568,0,false,,2023-09-28T12:54:54Z,"egyptian hip hop,egyptian pop,arabic hip hop",TUL8TE,0.724,0.926,8,-5.125,1,0.0543,0.0844,0.0243,0.208,0.546,139.108,4
